Player,School,Year,Pick,Pos,G,MP,FG%,2P%,College 3P%,FT%,PTS,SOS,TS%,eFG%,3PAr,FTr,OWS,3PTM,3P%
Kenyon Martin,Cincinnati,2000,1,PF,116,23.7,0.586,0.59,0.222,0.581,11.0,6.65,0.592,0.587,0.01,0.494,8.2,0.01,0.091
Stromile Swift,LSU,2000,2,PF,50,26.6,0.56,0.585,0.242,0.613,13.4,5.84,0.585,0.569,0.073,0.566,4.1,0.0,0.0
Marcus Fizer,Iowa State,2000,3,PF,97,32.9,0.511,0.524,0.292,0.702,18.9,6.27,0.558,0.519,0.053,0.453,9.2,0.14,0.256
Mike Miller,Florida,2000,4,SF,65,26.7,0.483,0.565,0.345,0.718,13.3,7.07,0.586,0.547,0.376,0.473,5.0,1.8,0.407
DerMarr Johnson,Cincinnati,2000,5,SF,32,27.5,0.478,0.575,0.371,0.737,12.6,8.5,0.594,0.567,0.478,0.324,2.6,0.53,0.323
Chris Mihm,Texas,2000,6,C,96,31.4,0.497,0.503,0.3,0.684,14.6,7.62,0.548,0.501,0.03,0.581,6.3,0.0,0.0
Jamal Crawford,Michigan,2000,7,PG,17,33.9,0.412,0.468,0.327,0.784,16.6,9.27,0.507,0.476,0.396,0.2,0.7,0.67,0.35
Joel Przybilla,Minnesota,2000,8,C,49,27.6,0.591,0.591,0.0,0.521,9.9,9.77,0.583,0.591,0.0,0.479,3.0,0.0,0.0
Keyon Dooling,Missouri,2000,9,PG,59,28.1,0.411,0.452,0.338,0.733,12.1,6.05,0.531,0.472,0.365,0.51,2.9,0.37,0.35
Jerome Moiso,UCLA,2000,10,C,62,26.8,0.495,0.505,0.227,0.614,12.0,9.47,0.521,0.499,0.036,0.362,2.4,0.0,0.0
Etan Thomas,Syracuse,2000,11,C,122,26.0,0.6,0.6,0.0,0.598,11.0,7.2,0.608,0.6,0.0,0.709,9.3,0.0,0.0
Courtney Alexander,Fresno State,2000,12,PG,112,30.9,0.456,0.488,0.362,0.767,18.9,7.56,0.535,0.503,0.259,0.248,7.9,0.26,0.37
Mateen Cleaves,Michigan State,2000,13,PG,123,29.6,0.406,0.454,0.313,0.738,12.5,9.5,0.502,0.459,0.343,0.324,4.7,0.06,0.294
Jason Collier,Georgia Tech,2000,14,C,97,29.6,0.458,0.478,0.369,0.711,13.9,9.13,0.535,0.491,0.179,0.428,5.3,0.0,0.0
Desmond Mason,Oklahoma State,2000,15,SF,129,30.0,0.486,0.529,0.372,0.731,13.2,5.94,0.572,0.537,0.275,0.367,9.4,0.23,0.269
Quentin Richardson,DePaul,2000,16,SG,64,34.2,0.454,0.5,0.369,0.728,17.9,7.85,0.553,0.519,0.355,0.338,5.5,0.66,0.331
Jamaal Magloire,Kentucky,2000,17,C,145,21.2,0.503,0.503,0.0,0.636,7.3,10.42,0.537,0.503,0.0,0.554,4.4,0.0,0.0
Speedy Claxton,Hofstra,2000,18,PG,119,33.8,0.468,0.491,0.322,0.748,16.9,-4.42,0.545,0.49,0.134,0.48,9.9,0.06,0.121
Morris Peterson,Michigan State,2000,19,SG,137,23.4,0.484,0.537,0.377,0.746,11.6,9.41,0.582,0.547,0.333,0.367,10.0,0.79,0.382
Donnell Harvey,Florida,2000,20,PF,37,20.2,0.507,0.509,0.0,0.61,10.1,8.51,0.533,0.507,0.004,0.496,1.3,0.0,0.0
Mamadou N'Diaye,Auburn,2000,21,C,128,20.8,0.506,0.508,0.0,0.641,6.8,6.11,0.543,0.506,0.003,0.587,3.9,0.0,0.0
Erick Barkley,St. John's (NY),2000,22,PG,65,34.8,0.396,0.444,0.328,0.727,14.6,8.02,0.508,0.464,0.409,0.363,2.9,0.38,0.375
Mark Madsen,Stanford,2000,23,PF,108,24.8,0.587,0.589,0.0,0.596,10.9,8.67,0.598,0.587,0.003,0.737,7.6,0.01,1.0
Dan Langhi,Vanderbilt,2000,24,PF,121,24.4,0.445,0.475,0.383,0.831,12.4,7.24,0.571,0.508,0.33,0.434,8.1,0.0,0.0
A.J. Guyton,Indiana,2000,25,PG,128,34.0,0.455,0.484,0.414,0.79,16.4,10.42,0.572,0.541,0.417,0.249,11.5,0.82,0.391
Khalid El-Amin,Uconn,2000,26,PG,108,30.1,0.416,0.456,0.355,0.822,15.3,8.09,0.527,0.486,0.394,0.257,6.4,0.56,0.333
Mike Smith,Louisiana,2000,27,SG,55,35.2,0.428,0.537,0.318,0.769,19.3,-5.55,0.551,0.507,0.496,0.357,4.8,0.18,0.167
Eddie House,Arizona State,2000,28,PG,124,33.4,0.425,0.462,0.366,0.798,16.5,8.01,0.523,0.495,0.381,0.187,6.7,0.38,0.345
Eduardo Najera,Oklahoma,2000,29,SF,126,30.6,0.43,0.467,0.288,0.669,13.1,5.16,0.495,0.46,0.207,0.354,3.5,0.03,0.33
Lavor Postell,St. John's (NY),2000,30,SF,129,29.3,0.43,0.464,0.326,0.789,11.1,7.77,0.526,0.47,0.246,0.383,5.2,0.12,0.273
Hanno Mottola,Utah,2000,31,PF,120,26.0,0.5,0.542,0.333,0.774,12.4,4.49,0.58,0.533,0.198,0.415,9.4,0.0,0.0
Chris Porter,Auburn,2000,32,SF,56,28.9,0.467,0.477,0.308,0.651,15.3,6.57,0.514,0.476,0.057,0.464,2.6,0.0,0.0
Jason Richardson,Michigan State,2001,1,SG,70,21.7,0.503,0.551,0.383,0.649,9.6,9.73,0.573,0.558,0.287,0.285,3.7,1.02,0.333
Shane Battier,Duke,2001,2,SF,146,31.4,0.5,0.57,0.416,0.777,13.6,10.08,0.632,0.594,0.454,0.431,13.5,1.32,0.373
Eddie Griffin,Seton Hall,2001,3,PF,30,32.6,0.429,0.469,0.32,0.734,17.8,6.03,0.501,0.472,0.267,0.227,1.0,1.23,0.33
Rodney White,Charlotte,2001,4,SF,28,30.9,0.487,0.533,0.347,0.713,18.7,7.91,0.566,0.53,0.246,0.415,2.5,0.12,0.222
Joe Johnson,Arkansas,2001,5,SG,53,30.3,0.466,0.485,0.406,0.753,15.0,6.96,0.545,0.515,0.239,0.262,3.3,0.49,0.292
Richard Jefferson,Arizona,2001,6,SF,84,26.3,0.49,0.528,0.368,0.718,11.2,10.19,0.572,0.534,0.238,0.436,5.0,0.16,0.232
Troy Murphy,Notre Dame,2001,7,PF,94,35.1,0.496,0.522,0.335,0.777,21.4,6.35,0.582,0.52,0.139,0.551,11.5,0.04,0.333
Steven Hunter,DePaul,2001,8,C,63,24.6,0.586,0.589,0.0,0.6,9.9,7.92,0.594,0.586,0.005,0.465,3.8,0.0,0.0
Kirk Haston,Indiana,2001,9,PF,96,26.8,0.473,0.48,0.366,0.717,14.6,10.88,0.523,0.484,0.062,0.354,4.5,0.0,0.0
Michael Bradley,Villanova,2001,10,PF,100,27.4,0.677,0.695,0.353,0.541,10.9,8.74,0.662,0.687,0.052,0.548,8.8,0.0,0.0
Jason Collins,Stanford,2001,11,C,73,22.1,0.612,0.623,0.444,0.716,10.8,8.87,0.662,0.626,0.063,0.813,6.4,0.01,0.5
Zach Randolph,Michigan State,2001,12,PF,33,19.8,0.587,0.59,0.0,0.635,10.8,9.54,0.604,0.587,0.004,0.536,2.3,0.0,0.0
Brendan Haywood,UNC,2001,13,C,141,29.2,0.637,0.637,0.0,0.591,10.0,11.05,0.634,0.637,0.0,0.656,10.6,0.0,0.0
Joseph Forte,UNC,2001,14,SG,69,33.9,0.454,0.489,0.368,0.81,18.7,11.79,0.544,0.507,0.286,0.259,5.3,0.0,0.0
Jeryl Sasser,SMU,2001,15,SG,117,35.0,0.394,0.438,0.28,0.71,17.0,2.13,0.485,0.433,0.278,0.421,2.9,0.0,0.0
Brandon Armstrong,Pepperdine,2001,16,SG,65,30.4,0.439,0.467,0.391,0.824,18.1,2.56,0.544,0.511,0.37,0.214,5.0,0.14,0.294
Gerald Wallace,Alabama,2001,17,SF,36,22.9,0.438,0.511,0.175,0.568,9.8,6.27,0.485,0.457,0.219,0.538,0.4,0.0,0.0
Samuel Dalembert,Seton Hall,2001,18,C,59,21.4,0.537,0.537,0.0,0.539,7.1,5.57,0.542,0.537,0.0,0.393,1.6,0.0,0.0
Jamaal Tinsley,Iowa State,2001,19,PG,68,32.5,0.388,0.405,0.327,0.685,12.5,6.0,0.477,0.423,0.217,0.459,1.1,0.53,0.24
Trenton Hassell,Austin Peay,2001,20,SF,84,36.2,0.471,0.523,0.345,0.779,19.4,-3.83,0.565,0.521,0.288,0.362,8.2,0.77,0.364
Gilbert Arenas,Arizona,2001,21,PG,70,30.5,0.466,0.523,0.361,0.738,15.8,11.12,0.563,0.53,0.349,0.333,5.4,0.83,0.345
Will Solomon,Clemson,2001,22,PG,94,29.1,0.392,0.418,0.366,0.717,15.2,7.43,0.519,0.482,0.49,0.326,4.5,0.74,0.284
Terence Morris,Maryland,2001,23,PF,136,26.5,0.495,0.542,0.338,0.78,12.7,10.41,0.574,0.534,0.23,0.339,9.1,0.22,0.192
Brian Scalabrine,USC,2001,24,C,92,33.0,0.513,0.538,0.343,0.77,15.7,9.08,0.582,0.535,0.13,0.427,8.0,0.11,0.3
Earl Watson,UCLA,2001,25,PG,129,33.9,0.45,0.507,0.341,0.654,11.2,10.51,0.535,0.508,0.339,0.372,5.8,0.25,0.364
Bobby Simmons,DePaul,2001,26,SF,93,31.6,0.428,0.49,0.331,0.783,13.6,7.91,0.552,0.493,0.389,0.456,5.9,0.13,0.286
Sean Lampley,California,2001,27,SF-PF,123,30.5,0.494,0.512,0.21,0.671,14.4,8.39,0.539,0.5,0.061,0.487,7.3,0.0,0.0
Loren Woods,Arizona,2001,28,C,107,26.0,0.493,0.525,0.2,0.796,11.1,10.79,0.553,0.494,0.011,0.541,5.6,0.0,0.0
Ruben Boumtje-Boumtje,Georgetown,2001,29,C,101,24.4,0.485,0.487,0.0,0.664,9.6,4.94,0.533,0.485,0.003,0.599,3.7,0.0,0.0
Jarron Collins,Stanford,2001,30,PF,129,21.6,0.52,0.527,0.25,0.669,8.4,8.87,0.569,0.523,0.023,0.709,5.7,0.0,0.0
Kenny Satterfield,Cincinnati,2001,31,PG,68,31.5,0.403,0.437,0.323,0.78,11.9,8.17,0.511,0.452,0.303,0.404,2.5,0.19,0.259
Jay Williams,Duke,2002,1,PG,108,33.1,0.453,0.514,0.393,0.671,19.3,10.0,0.572,0.552,0.506,0.322,10.3,0.87,0.322
Mike Dunleavy,Duke,2002,2,SF,104,28.8,0.475,0.564,0.371,0.698,13.2,10.0,0.58,0.56,0.46,0.265,7.0,0.63,0.347
Drew Gooden,Kansas,2002,3,SF-PF,98,26.2,0.493,0.503,0.306,0.698,15.6,9.39,0.537,0.501,0.051,0.379,5.2,0.2,0.292
Dajuan Wagner,Memphis,2002,4,SG,36,31.8,0.41,0.453,0.317,0.722,21.2,4.72,0.504,0.461,0.321,0.355,1.7,1.17,0.316
Chris Wilcox,Maryland,2002,5,PF,70,16.6,0.52,0.522,0.0,0.589,7.9,10.19,0.536,0.52,0.005,0.418,1.9,0.0,0.0
Caron Butler,UConn,2002,6,SF,63,34.5,0.465,0.482,0.364,0.768,18.0,6.43,0.544,0.491,0.139,0.426,4.6,0.44,0.318
Jared Jeffries,Indiana,2002,7,SF,70,32.6,0.45,0.472,0.325,0.643,14.4,11.56,0.515,0.475,0.153,0.521,3.0,0.15,0.5
Melvin Ely,Fresno State,2002,8,C,124,32.5,0.577,0.578,0.333,0.648,15.7,4.4,0.595,0.578,0.002,0.42,11.3,0.0,0.0
Marcus Haislip,Tennessee,2002,9,PF,89,17.1,0.53,0.568,0.373,0.705,8.4,9.77,0.596,0.566,0.196,0.422,4.4,0.08,0.25
Fred Jones,Oregon,2002,10,SG,125,28.2,0.481,0.568,0.338,0.805,13.2,8.05,0.595,0.545,0.378,0.42,9.7,0.11,0.286
Juan Dixon,Maryland,2002,11,PG,141,28.4,0.468,0.513,0.389,0.85,16.1,9.73,0.582,0.538,0.359,0.292,12.2,0.6,0.298
Curtis Borchardt,Stanford,2002,12,C,66,21.6,0.534,0.551,0.375,0.691,10.2,8.67,0.592,0.552,0.092,0.631,3.8,0.0,0.0
Ryan Humphrey,Notre Dame,2002,13,PF,123,30.7,0.495,0.497,0.364,0.536,13.3,5.21,0.51,0.498,0.017,0.472,4.1,0.0,0.0
Kareem Rush,Missouri,2002,14,PG,84,30.2,0.445,0.464,0.422,0.777,18.9,8.07,0.569,0.537,0.434,0.269,7.9,0.25,0.279
Casey Jacobsen,Stanford,2002,15,SF,95,31.8,0.47,0.505,0.427,0.771,18.1,8.67,0.609,0.566,0.447,0.454,11.3,0.72,0.315
Tayshaun Prince,Kentucky,2002,16,SF,135,29.8,0.457,0.556,0.329,0.743,13.1,11.42,0.557,0.529,0.438,0.261,8.4,0.48,0.426
Frank Williams,Illinois,2002,17,PG,101,31.7,0.396,0.433,0.326,0.807,14.3,10.3,0.515,0.453,0.351,0.39,4.3,0.29,0.375
John Salmons,Miami (FL),2002,18,PG,124,30.8,0.466,0.523,0.321,0.805,10.4,6.25,0.566,0.511,0.281,0.408,7.1,0.16,0.323
Chris Jefferies,Fresno State,2002,19,SF,88,28.0,0.436,0.5,0.338,0.628,12.9,5.45,0.53,0.503,0.397,0.446,3.9,0.35,0.333
Dan Dickau,Gonzaga,2002,20,PG,97,32.1,0.451,0.436,0.462,0.854,13.3,4.85,0.634,0.578,0.553,0.441,9.5,0.44,0.361
Roger Mason,Virginia,2002,21,SG,89,29.6,0.436,0.479,0.375,0.869,13.8,7.61,0.579,0.513,0.411,0.412,6.4,0.35,0.333
Vincent Yarbrough,Tennessee,2002,22,SF,127,30.4,0.44,0.5,0.34,0.687,13.7,8.94,0.535,0.504,0.377,0.346,6.5,0.36,0.269
Dan Gadzuric,UCLA,2002,23,PF,122,24.1,0.548,0.549,0.0,0.449,10.5,10.45,0.535,0.548,0.001,0.425,4.6,0.0,0.0
Carlos Boozer,Duke,2002,24,PF,101,25.9,0.631,0.632,0.0,0.741,14.9,10.0,0.665,0.631,0.001,0.612,11.4,0.0,0.0
Lonny Baxter,Maryland,2002,25,PF,138,24.4,0.553,0.553,0.6,0.6,13.5,9.73,0.571,0.554,0.004,0.558,9.0,0.0,0.0
Matt Barnes,UCLA,2002,26,SG,121,22.6,0.469,0.514,0.314,0.566,8.8,10.45,0.52,0.505,0.226,0.414,3.2,0.05,0.154
Rasual Butler,La Salle,2002,27,SG-SF,110,38.3,0.409,0.447,0.359,0.829,19.3,3.11,0.523,0.486,0.427,0.223,7.1,0.69,0.292
Tamar Slay,Marshall,2002,28,SG,114,28.8,0.443,0.491,0.386,0.749,15.7,0.61,0.561,0.531,0.46,0.273,8.3,0.19,0.292
Carmelo Anthony,Syracuse,2003,1,SF,35,36.4,0.453,0.496,0.337,0.706,22.2,9.02,0.537,0.498,0.271,0.389,2.7,0.84,0.322
Chris Bosh,Georgia Tech,2003,2,C,31,31.0,0.56,0.575,0.478,0.73,15.6,7.94,0.634,0.597,0.153,0.58,3.5,0.07,0.357
Dwyane Wade,Marquette,2003,3,PG,65,30.7,0.494,0.512,0.333,0.745,19.7,6.03,0.557,0.511,0.1,0.421,6.0,0.26,0.302
Chris Kaman,Central Michigan,2003,4,C,83,26.3,0.608,0.608,0.0,0.713,15.1,1.05,0.643,0.608,0.0,0.685,9.2,0.0,0.0
Kirk Hinrich,Kansas,2003,5,PG,141,29.7,0.493,0.542,0.43,0.776,12.4,9.68,0.616,0.587,0.438,0.298,11.5,1.89,0.39
T.J. Ford,Texas,2003,6,PG,66,33.0,0.406,0.436,0.228,0.801,12.9,9.63,0.5,0.422,0.145,0.478,2.0,0.09,0.238
Mike Sweetney,Georgetown,2003,7,PF,96,29.0,0.544,0.546,0.0,0.727,18.2,4.02,0.597,0.544,0.004,0.658,10.4,0.0,0.0
Jarvis Hayes,Georgia,2003,8,SF,84,31.4,0.457,0.502,0.369,0.772,18.0,5.2,0.546,0.519,0.339,0.209,6.0,0.57,0.305
Nick Collison,Kansas,2003,9,C,142,27.4,0.562,0.571,0.359,0.624,14.8,9.68,0.583,0.57,0.042,0.376,11.0,0.0,0.0
Marcus Banks,UNLV,2003,10,PG,63,34.3,0.495,0.551,0.33,0.731,18.1,4.77,0.585,0.537,0.256,0.555,6.4,0.33,0.314
Luke Ridnour,Oregon,2003,11,PG,96,33.6,0.429,0.472,0.389,0.859,14.6,6.98,0.588,0.53,0.519,0.387,7.8,0.39,0.338
Reece Gaines,Louisville,2003,12,PG,125,31.6,0.452,0.502,0.383,0.75,15.6,7.91,0.577,0.533,0.421,0.435,10.6,0.08,0.3
Troy Bell,Boston College,2003,13,PG,122,35.7,0.424,0.467,0.372,0.868,21.6,5.85,0.588,0.508,0.45,0.52,15.3,0.0,0.0
David West,Xavier,2003,14,PF,126,33.4,0.531,0.54,0.327,0.757,16.9,4.18,0.598,0.538,0.04,0.64,13.7,0.0,0.0
Dahntay Jones,Duke,2003,15,SG,131,29.8,0.452,0.484,0.344,0.745,13.8,7.31,0.539,0.491,0.225,0.41,7.0,0.05,0.25
Brian Cook,Illinois,2003,16,C,132,25.7,0.51,0.558,0.339,0.793,13.2,9.42,0.592,0.547,0.222,0.388,10.6,0.0,0.0
Josh Howard,Wake Forest,2003,17,SF,127,27.8,0.483,0.522,0.353,0.708,13.9,9.17,0.558,0.524,0.231,0.383,8.1,0.3,0.303
Jason Kapono,UCLA,2003,18,SF,127,34.0,0.469,0.489,0.446,0.83,16.5,10.67,0.613,0.575,0.476,0.307,13.7,0.51,0.477
Luke Walton,Arizona,2003,19,SF,129,27.2,0.426,0.47,0.284,0.685,9.1,10.92,0.502,0.459,0.232,0.406,2.7,0.18,0.333
Travis Hansen,BYU,2003,20,SG,86,27.4,0.434,0.455,0.369,0.774,13.2,4.7,0.544,0.479,0.244,0.504,4.9,0.22,0.3
Steve Blake,Maryland,2003,21,PG,138,31.3,0.401,0.423,0.381,0.771,8.3,9.34,0.537,0.499,0.513,0.291,5.0,1.0,0.371
Willie Green,Detroit,2003,22,SG,124,30.0,0.461,0.495,0.352,0.757,14.3,0.88,0.544,0.503,0.242,0.339,7.8,0.36,0.311
Keith Bogans,Kentucky,2003,23,SG,135,29.0,0.437,0.527,0.342,0.688,14.2,11.27,0.546,0.52,0.484,0.309,8.2,0.92,0.358
Matt Bonner,Florida,2003,24,PF,131,25.0,0.503,0.564,0.395,0.74,12.0,8.03,0.599,0.574,0.362,0.287,9.6,0.48,0.424
Mo Williams,Alabama,2003,25,PG,64,33.7,0.405,0.492,0.294,0.847,13.1,8.53,0.524,0.47,0.438,0.308,3.0,0.18,0.256
Kyle Korver,Creighton,2003,26,SG,128,27.7,0.492,0.515,0.453,0.891,14.1,1.76,0.667,0.629,0.692,0.296,15.6,1.09,0.391
Emeka Okafor,UConn,2004,1,PF,103,31.8,0.59,0.59,0.0,0.564,13.8,7.61,0.591,0.59,0.0,0.449,8.2,0.0,0.0
Ben Gordon,UConn,2004,2,SG,106,31.0,0.44,0.452,0.423,0.795,16.9,7.61,0.574,0.531,0.433,0.346,9.6,1.63,0.405
Devin Harris,Wisconsin,2004,3,PG,96,35.0,0.447,0.522,0.375,0.778,14.8,7.74,0.593,0.542,0.509,0.474,9.8,0.58,0.336
Josh Childress,Stanford,2004,4,SG,86,28.6,0.438,0.494,0.335,0.755,12.3,7.25,0.532,0.497,0.352,0.278,3.9,0.16,0.232
Luol Deng,Duke,2004,5,SF,37,31.1,0.476,0.515,0.36,0.71,15.1,10.86,0.551,0.522,0.252,0.313,2.4,0.51,0.265
Rafael Araujo,BYU,2004,6,C,62,27.4,0.567,0.587,0.268,0.691,15.1,5.79,0.601,0.575,0.063,0.43,6.1,0.02,0.333
Andre Iguodala,Arizona,2004,7,SG,62,25.4,0.424,0.473,0.274,0.738,9.6,7.79,0.511,0.458,0.242,0.427,1.4,0.57,0.331
Luke Jackson,Oregon,2004,8,SF,126,29.1,0.461,0.488,0.402,0.849,15.6,6.96,0.586,0.524,0.31,0.426,10.8,0.4,0.667
Kris Humphries,Minnesota,2004,9,PF,29,34.1,0.444,0.455,0.34,0.742,21.7,5.36,0.518,0.461,0.1,0.46,1.8,0.03,0.333
Kirk Snyder,Nevada,2004,10,SG,84,30.8,0.426,0.477,0.31,0.677,16.7,3.25,0.516,0.473,0.305,0.454,3.9,0.44,0.353
Jameer Nelson,St. Joseph's,2004,11,PG,125,34.5,0.454,0.514,0.365,0.786,16.8,4.12,0.573,0.527,0.405,0.377,11.7,0.56,0.312
Delonte West,St. Joseph's,2004,12,SG,89,26.8,0.489,0.544,0.377,0.831,13.9,4.0,0.59,0.551,0.326,0.29,7.8,0.62,0.358
Tony Allen,Oklahoma State,2004,13,SG,67,31.4,0.477,0.508,0.347,0.682,15.3,7.84,0.547,0.51,0.195,0.449,4.6,0.16,0.387
Kevin Martin,Western Carolina,2004,14,PG,79,31.8,0.462,0.542,0.346,0.841,23.3,-3.74,0.602,0.533,0.411,0.519,11.2,0.11,0.2
David Harrison,Colorado,2004,15,C,88,28.2,0.601,0.602,0.0,0.553,15.0,6.73,0.596,0.601,0.001,0.754,7.7,0.0,0.0
Jackson Vroman,Iowa State,2004,16,PF,63,30.6,0.558,0.569,0.077,0.512,13.2,7.06,0.555,0.559,0.021,0.483,3.8,0.0,0.0
Lionel Chalmers,Xavier,2004,17,PG,123,31.7,0.425,0.483,0.372,0.716,12.7,4.78,0.555,0.522,0.524,0.344,7.6,0.33,0.245
Royal Ivey,Texas,2004,18,PG,133,24.7,0.455,0.483,0.338,0.709,7.8,9.14,0.532,0.488,0.195,0.435,3.7,0.05,0.333
Chris Duhon,Duke,2004,19,PG,144,33.4,0.418,0.511,0.321,0.693,8.8,10.09,0.529,0.497,0.489,0.338,4.6,1.15,0.355
Trevor Ariza,UCLA,2004,20,SF,25,31.6,0.426,0.509,0.237,0.504,11.6,6.82,0.474,0.462,0.303,0.45,0.2,0.04,0.231
Bernard Robinson,Michigan,2004,21,SG,120,30.6,0.44,0.472,0.297,0.814,12.5,8.4,0.52,0.467,0.185,0.33,4.7,0.1,0.375
Matt Freije,Vanderbilt,2004,22,PF,121,28.7,0.448,0.501,0.355,0.786,15.6,8.36,0.563,0.512,0.365,0.4,9.2,0.61,0.259
Andrew Bogut,Utah,2005,1,PF,68,32.7,0.603,0.616,0.361,0.674,16.6,4.53,0.629,0.612,0.048,0.429,9.4,0.0,0.0
Marvin Williams,UNC,2005,2,PF,36,22.2,0.506,0.522,0.432,0.847,11.3,10.66,0.627,0.545,0.178,0.66,2.6,0.16,0.245
Deron Williams,Illinois,2005,3,PG,101,31.7,0.422,0.464,0.374,0.685,11.0,7.44,0.529,0.508,0.46,0.228,4.4,1.14,0.416
Chris Paul,Wake Forest,2005,4,PG,63,33.5,0.472,0.473,0.47,0.838,15.0,10.65,0.622,0.545,0.311,0.62,6.3,0.64,0.282
Raymond Felton,UNC,2005,5,PG,101,33.9,0.423,0.467,0.375,0.731,12.5,11.0,0.55,0.512,0.474,0.361,5.6,1.21,0.358
Charlie Villanueva,UConn,2005,6,PF,63,22.3,0.518,0.534,0.393,0.681,11.2,7.7,0.568,0.541,0.116,0.389,3.5,0.86,0.327
Channing Frye,Arizona,2005,7,C,133,27.7,0.562,0.568,0.261,0.759,13.5,9.02,0.601,0.565,0.018,0.387,10.3,0.05,0.333
Ike Diogu,Arizona State,2005,8,PF,91,35.1,0.571,0.591,0.387,0.786,21.4,6.66,0.655,0.59,0.098,0.791,15.0,0.0,0.0
Sean May,UNC,2005,9,PF,77,27.8,0.513,0.519,0.0,0.717,15.8,11.0,0.562,0.513,0.013,0.532,5.2,0.0,0.0
Rashad McCants,UNC,2005,10,SG,98,29.2,0.486,0.538,0.415,0.721,17.6,11.0,0.597,0.574,0.422,0.298,9.9,0.85,0.372
Antoine Wright,Texas A&M,2005,11,SG,87,32.1,0.412,0.439,0.376,0.648,15.4,5.15,0.516,0.492,0.425,0.303,3.8,0.03,0.067
Joey Graham,Oklahoma State,2005,12,SF,128,26.1,0.527,0.557,0.378,0.809,13.0,1.32,0.609,0.559,0.166,0.439,11.0,0.36,0.333
Danny Granger,New Mexico,2005,13,SF,95,28.4,0.496,0.529,0.366,0.753,16.7,1.8,0.587,0.533,0.2,0.561,9.6,0.38,0.323
Hakim Warrick,Syracuse,2005,14,PF,135,31.0,0.536,0.544,0.25,0.659,15.4,7.34,0.572,0.539,0.028,0.561,10.8,0.0,0.0
Julius Hodge,NC State,2005,15,SG,129,33.0,0.473,0.52,0.329,0.76,15.8,8.87,0.573,0.513,0.247,0.557,11.3,0.0,0.0
Nate Robinson,Washington,2005,16,PG,89,28.2,0.457,0.523,0.348,0.793,14.4,7.12,0.566,0.523,0.374,0.342,5.9,0.81,0.397
Jarrett Jack,Georgia Tech,2005,17,SG,101,32.3,0.478,0.53,0.359,0.796,12.5,9.64,0.594,0.532,0.305,0.532,8.1,0.25,0.263
Francisco Garcia,Louisville,2005,18,SF,98,28.1,0.448,0.519,0.369,0.849,14.4,6.66,0.587,0.535,0.473,0.353,8.4,0.58,0.285
Luther Head,Illinois,2005,19,SG,128,25.4,0.473,0.594,0.382,0.752,10.1,8.06,0.605,0.582,0.572,0.253,8.8,1.41,0.361
Jason Maxiell,Cincinnati,2005,20,PF,129,27.6,0.507,0.509,0.286,0.653,12.1,6.76,0.548,0.508,0.006,0.608,6.7,0.0,0.0
Linas Kleiza,Missouri,2005,21,PF,49,28.7,0.413,0.453,0.287,0.707,14.4,9.14,0.508,0.448,0.245,0.535,1.8,0.03,0.154
Wayne Simien,Kansas,2005,22,PF,106,26.6,0.558,0.566,0.24,0.784,15.0,10.04,0.612,0.561,0.024,0.508,10.4,0.0,0.0
David Lee,Florida,2005,23,SF,127,25.0,0.581,0.584,0.0,0.681,11.3,8.11,0.609,0.581,0.006,0.55,9.6,0.0,0.0
Salim Stoudamire,Arizona,2005,24,PG,129,29.8,0.471,0.488,0.458,0.87,15.2,9.02,0.646,0.602,0.572,0.342,14.1,1.34,0.38
Daniel Ewing,Duke,2005,25,PG,138,27.7,0.432,0.464,0.392,0.746,11.6,9.61,0.554,0.519,0.445,0.325,7.1,0.33,0.282
Brandon Bass,LSU,2005,26,PF,59,34.2,0.54,0.554,0.378,0.78,15.1,7.18,0.616,0.555,0.081,0.617,6.2,0.0,0.0
Ronny Turiaf,Gonzaga,2005,27,PF,125,25.5,0.518,0.524,0.222,0.715,13.6,3.06,0.588,0.52,0.017,0.866,9.7,0.0,0.0
Travis Diener,Marquette,2005,28,PG,120,31.4,0.416,0.42,0.413,0.837,14.1,5.22,0.585,0.532,0.559,0.375,10.6,1.09,0.439
Ryan Gomes,Providence,2005,29,SF,116,35.1,0.519,0.549,0.352,0.789,18.4,7.36,0.592,0.546,0.152,0.411,13.1,0.05,0.33
Robert Whaley,Walsh,2005,30,C,22,13.0,0.348,0.35,0.0,0.66,5.8,6.28,0.396,0.348,0.007,0.341,-0.6,0.0,0.0
Orien Greene,Louisiana,2005,31,SG,104,24.7,0.409,0.497,0.316,0.726,7.0,4.55,0.516,0.486,0.487,0.26,2.3,0.11,0.225
LaMarcus Aldridge,Texas,2006,1,C,53,30.2,0.586,0.586,0.0,0.649,13.5,7.28,0.605,0.586,0.0,0.527,4.7,0.0,0.0
Adam Morrison,Gonzaga,2006,2,PF,95,30.6,0.503,0.551,0.368,0.761,19.7,4.24,0.591,0.552,0.262,0.397,10.5,1.12,0.337
Tyrus Thomas,LSU,2006,3,PF,32,25.9,0.608,0.606,1.0,0.657,12.3,8.77,0.627,0.61,0.004,0.548,2.9,0.0,0.0
Shelden Williams,Duke,2006,4,PF,139,28.1,0.572,0.574,0.333,0.694,13.9,9.51,0.611,0.573,0.01,0.659,12.4,0.02,0.5
Brandon Roy,Washington,2006,5,SG,103,27.5,0.512,0.541,0.344,0.765,14.3,6.83,0.585,0.537,0.148,0.45,7.8,0.96,0.377
Randy Foye,Villanova,2006,6,PG,131,31.3,0.399,0.441,0.329,0.781,15.0,8.37,0.505,0.461,0.378,0.291,4.7,0.83,0.368
Rudy Gay,UConn,2006,7,SF,64,29.8,0.461,0.483,0.378,0.721,13.6,7.1,0.538,0.501,0.214,0.353,3.2,0.67,0.364
Patrick O'Bryant,Bradley,2006,8,C,52,24.3,0.554,0.554,0.0,0.687,11.6,4.97,0.582,0.554,0.0,0.411,3.4,0.0,0.0
J.J. Redick,Duke,2006,9,PG,139,34.0,0.433,0.472,0.406,0.912,19.9,9.51,0.615,0.553,0.591,0.381,18.4,0.9,0.388
Hilton Armstrong,UConn,2006,10,C,131,15.1,0.563,0.565,0.333,0.578,4.7,7.4,0.575,0.565,0.007,0.682,3.1,0.0,0.0
Ronnie Brewer,Arkansas,2006,11,SG,90,33.0,0.462,0.511,0.34,0.671,15.7,5.35,0.546,0.511,0.287,0.455,6.2,0.0,0.0
Cedric Simmons,NC State,2006,12,PF,63,18.9,0.565,0.566,0.5,0.652,7.7,7.4,0.599,0.568,0.013,0.734,3.0,0.0,0.0
Rodney Carney,Memphis,2006,13,SF,133,27.6,0.415,0.468,0.362,0.717,14.3,5.22,0.533,0.506,0.499,0.26,6.8,0.37,0.347
Shawne Williams,Memphis,2006,14,SG,36,27.8,0.416,0.489,0.312,0.786,13.2,4.24,0.534,0.48,0.411,0.387,1.7,0.41,0.365
Quincy Douby,Rutgers,2006,15,PG,95,32.1,0.432,0.473,0.389,0.82,17.8,6.93,0.562,0.526,0.481,0.251,8.7,0.29,0.24
Renaldo Balkman,South Carolina,2006,16,SF,104,21.1,0.553,0.581,0.291,0.533,7.4,7.11,0.566,0.567,0.096,0.396,4.3,0.07,0.185
Rajon Rondo,Kentucky,2006,17,PG,68,28.1,0.493,0.544,0.283,0.577,9.6,8.49,0.536,0.521,0.196,0.44,2.7,0.08,0.207
Marcus Williams,UConn,2006,18,PG,70,27.9,0.402,0.413,0.375,0.791,9.0,7.32,0.518,0.455,0.285,0.418,2.2,0.58,0.282
Josh Boone,UConn,2006,19,PF,103,25.9,0.578,0.578,0.0,0.559,9.3,7.32,0.58,0.578,0.0,0.528,5.1,0.0,0.0
Kyle Lowry,Villanova,2006,20,PG,57,26.7,0.449,0.463,0.325,0.737,9.5,8.83,0.531,0.465,0.099,0.566,2.1,0.3,0.375
Shannon Brown,Michigan State,2006,21,SG,97,28.0,0.457,0.503,0.364,0.831,12.2,7.69,0.565,0.518,0.332,0.319,5.9,0.3,0.28
Jordan Farmar,UCLA,2006,22,PG,66,32.2,0.41,0.463,0.333,0.76,13.3,7.68,0.526,0.478,0.409,0.369,3.3,0.62,0.328
Maurice Ager,Michigan State,2006,23,SG,124,25.6,0.441,0.492,0.38,0.775,12.5,8.19,0.566,0.527,0.449,0.333,7.8,0.16,0.333
Mardy Collins,Temple,2006,24,SF,125,37.5,0.399,0.457,0.292,0.624,15.4,5.33,0.473,0.45,0.347,0.268,1.4,0.25,0.277
Steve Novak,Marquette,2006,25,PF,126,27.0,0.456,0.443,0.461,0.931,12.4,6.07,0.66,0.622,0.722,0.245,13.1,0.37,0.333
Solomon Jones,South Florida,2006,26,C,59,31.2,0.505,0.507,0.0,0.693,9.8,3.34,0.548,0.505,0.005,0.502,2.7,0.0,0.0
Paul Davis,Michigan State,2006,27,PF,130,25.8,0.538,0.549,0.271,0.763,13.2,8.19,0.597,0.543,0.042,0.547,10.7,0.0,0.0
Craig Smith,Boston College,2006,28,PF,130,34.0,0.558,0.572,0.239,0.643,18.1,6.73,0.583,0.563,0.041,0.463,13.2,0.0,0.0
Bobby Jones,Washington,2006,29,SF,125,24.1,0.501,0.536,0.367,0.707,9.8,6.83,0.58,0.539,0.209,0.523,6.2,0.02,0.111
David Noel,UNC,2006,30,SF,127,23.2,0.532,0.6,0.354,0.587,6.9,10.19,0.586,0.581,0.276,0.306,4.9,0.25,0.321
Daniel Gibson,Texas,2006,31,PG,68,33.0,0.411,0.451,0.387,0.741,13.8,7.28,0.566,0.533,0.631,0.324,4.9,0.87,0.419
Alexander Johnson,Florida State,2006,32,PF,92,21.0,0.52,0.535,0.308,0.667,9.8,7.38,0.573,0.53,0.066,0.703,4.7,0.0,0.0
Dee Brown,Illinois,2006,33,PG,137,34.3,0.422,0.498,0.36,0.725,13.2,7.15,0.543,0.521,0.55,0.216,8.1,0.12,0.214
Paul Millsap,Louisiana Tech,2006,34,PF,92,35.2,0.577,0.58,0.375,0.62,18.6,2.11,0.594,0.579,0.014,0.546,10.9,0.01,0.333
Leon Powe,California,2006,35,PF,54,32.5,0.492,0.495,0.3,0.672,7.8,7.75,0.549,0.495,0.015,0.731,4.4,0.0,0.0
Hassan Adams,Arizona,2006,36,SG,130,27.8,0.499,0.535,0.311,0.704,14.0,8.42,0.545,0.524,0.16,0.23,6.8,0.0,0.0
Greg Oden,Ohio State,2007,1,C,32,28.9,0.616,0.616,0.0,0.628,15.7,9.03,0.626,0.616,0.0,0.638,3.6,0.0,0.0
Kevin Durant,Texas,2007,2,SG,35,35.9,0.473,0.505,0.404,0.816,25.8,6.12,0.587,0.536,0.314,0.396,4.7,0.74,0.288
Al Horford,Florida,2007,3,C,109,25.7,0.586,0.589,0.0,0.619,10.3,6.65,0.601,0.586,0.006,0.613,7.0,0.0,0.0
Mike Conley,Ohio State,2007,4,PG,39,31.6,0.518,0.579,0.304,0.694,11.3,9.03,0.584,0.552,0.223,0.466,2.7,0.57,0.33
Jeff Green,Georgetown,2007,5,SF,102,33.2,0.488,0.531,0.359,0.7,13.1,7.65,0.565,0.533,0.249,0.402,7.5,0.26,0.276
Corey Brewer,Florida,2007,6,SF,108,27.2,0.48,0.536,0.356,0.708,11.3,6.65,0.571,0.535,0.312,0.431,6.4,0.09,0.194
Brandan Wright,UNC,2007,7,PF,37,27.4,0.646,0.646,0.0,0.567,14.7,9.3,0.637,0.646,0.0,0.445,3.7,0.0,0.0
Joakim Noah,Florida,2007,8,C,108,21.1,0.616,0.617,0.5,0.684,10.5,6.65,0.642,0.617,0.003,0.679,8.7,0.0,0.0
Spencer Hawes,Washington,2007,9,C,31,28.9,0.532,0.533,0.333,0.755,14.9,6.5,0.563,0.533,0.008,0.27,2.0,0.06,0.19
Acie Law,Texas A&M,2007,10,PG,122,30.8,0.466,0.502,0.357,0.76,13.7,4.53,0.551,0.51,0.246,0.35,7.9,0.12,0.206
Thaddeus Young,Georgia Tech,2007,11,PF,31,29.6,0.478,0.498,0.419,0.743,14.4,9.36,0.552,0.531,0.251,0.189,1.8,0.08,0.316
Julian Wright,Kansas,2007,12,SF,71,24.1,0.555,0.565,0.188,0.591,10.4,7.23,0.566,0.557,0.028,0.32,3.7,0.18,0.417
Al Thornton,Florida State,2007,13,PF,124,22.0,0.528,0.543,0.438,0.701,12.3,7.69,0.593,0.559,0.139,0.505,8.9,0.54,0.331
Rodney Stuckey,Eastern Washington,2007,14,PG,59,33.1,0.472,0.54,0.317,0.806,24.4,-1.48,0.581,0.52,0.306,0.474,7.2,0.05,0.28
Nick Young,USC,2007,15,SG,96,31.1,0.484,0.518,0.368,0.764,15.5,6.92,0.563,0.525,0.226,0.326,7.3,0.53,0.4
Sean Williams,Boston College,2007,16,C,69,20.5,0.577,0.577,0.0,0.605,5.5,7.24,0.592,0.577,0.0,0.699,2.2,0.0,0.0
Javaris Crittenton,Georgia Tech,2007,17,SG,32,31.3,0.45,0.488,0.356,0.783,14.4,9.36,0.552,0.501,0.288,0.393,2.0,0.2,0.27
Jason Smith,Colorado State,2007,18,PF,87,27.9,0.548,0.556,0.308,0.751,14.7,3.95,0.604,0.553,0.031,0.578,8.1,0.05,0.286
Daequan Cook,Ohio State,2007,19,SG,39,19.7,0.445,0.465,0.415,0.697,9.8,9.03,0.548,0.53,0.41,0.208,1.6,1.34,0.332
Jared Dudley,Boston College,2007,20,PF,130,36.4,0.504,0.548,0.365,0.731,15.9,7.22,0.595,0.548,0.24,0.573,12.9,0.12,0.22
Wilson Chandler,DePaul,2007,21,SF,59,31.1,0.445,0.487,0.303,0.659,12.9,8.64,0.504,0.48,0.231,0.262,1.6,0.26,0.3
Morris Almond,Rice,2007,22,SG,121,27.1,0.492,0.514,0.435,0.824,15.1,2.25,0.602,0.552,0.276,0.398,11.6,0.11,0.25
Aaron Brooks,Oregon,2007,23,PG,115,32.7,0.43,0.479,0.374,0.834,13.1,6.68,0.565,0.518,0.471,0.315,7.7,0.71,0.33
Arron Afflalo,UCLA,2007,24,SG,104,32.7,0.457,0.539,0.373,0.781,14.8,8.4,0.586,0.549,0.493,0.33,9.7,0.13,0.208
Alando Tucker,Wisconsin,2007,25,SF,134,32.1,0.48,0.522,0.307,0.636,16.5,7.56,0.54,0.51,0.198,0.491,9.3,0.17,0.25
Carl Landry,Purdue,2007,26,PF,64,29.9,0.602,0.628,0.233,0.714,18.4,8.86,0.647,0.61,0.064,0.752,9.8,0.0,0.0
Nick Fazekas,Nevada,2007,27,PF,131,30.1,0.532,0.579,0.341,0.815,18.8,3.05,0.612,0.566,0.201,0.395,16.7,0.0,0.0
Glen Davis,LSU,2007,28,PF,95,32.0,0.496,0.51,0.31,0.694,16.7,7.99,0.553,0.507,0.074,0.541,7.1,0.0,0.0
Jermareo Davidson,Alabama,2007,29,PF,126,28.7,0.467,0.471,0.211,0.717,10.1,7.83,0.517,0.469,0.019,0.434,3.5,0.0,0.0
Chris Richard,Florida,2007,30,PF,141,15.6,0.665,0.665,0.0,0.631,4.9,7.28,0.665,0.665,0.0,0.46,5.8,0.0,0.0
Dominic Mcguire,Fresno State,2007,31,PF,86,25.0,0.462,0.5,0.253,0.556,8.7,4.16,0.5,0.481,0.154,0.447,1.4,0.01,0.167
Aaron Gray,Pitt,2007,32,C,113,20.9,0.55,0.55,0.0,0.595,9.8,6.94,0.565,0.55,0.0,0.513,5.6,0.0,0.0
D.J. Strawberry,Maryland,2007,33,SG,111,26.9,0.461,0.503,0.33,0.64,10.1,8.47,0.533,0.501,0.245,0.47,3.9,0.18,0.24
Derrick Rose,Memphis,2008,1,PG,40,29.2,0.477,0.521,0.337,0.712,14.9,5.76,0.56,0.517,0.239,0.47,2.8,0.2,0.222
Michael Beasley,Kansas State,2008,2,PF,33,31.5,0.532,0.562,0.379,0.774,26.2,7.79,0.61,0.563,0.165,0.484,5.4,0.41,0.407
O.J. Mayo,USC,2008,3,SG,33,36.8,0.442,0.464,0.409,0.803,20.7,8.59,0.562,0.524,0.401,0.284,3.4,1.77,0.384
Russell Westbrook,UCLA,2008,4,PG,75,21.9,0.464,0.491,0.354,0.685,8.3,8.77,0.532,0.499,0.2,0.365,2.3,0.43,0.271
Kevin Love,UCLA,2008,5,C,39,29.6,0.559,0.611,0.354,0.767,17.5,7.71,0.644,0.595,0.202,0.635,5.6,0.02,0.105
Eric Gordon,Indiana,2008,6,SG,32,34.7,0.433,0.525,0.337,0.834,20.9,6.08,0.601,0.515,0.489,0.652,4.2,1.68,0.389
Joe Alexander,West Virginia,2008,7,SF,82,25.3,0.447,0.488,0.295,0.765,12.1,7.04,0.522,0.478,0.211,0.326,2.9,0.27,0.348
D.J. Augustin,Texas,2008,8,PG,73,36.5,0.443,0.463,0.402,0.808,16.9,7.35,0.569,0.51,0.331,0.447,6.2,1.5,0.439
Brook Lopez,Stanford,2008,9,C,53,28.0,0.48,0.491,0.143,0.764,16.0,8.0,0.532,0.482,0.031,0.384,2.9,0.0,0.0
Jerryd Bayless,Arizona,2008,10,PG,30,35.7,0.458,0.489,0.407,0.839,19.7,10.22,0.612,0.536,0.384,0.59,4.0,0.13,0.259
Jason Thompson,Rider,2008,11,PF,122,32.1,0.526,0.544,0.291,0.667,16.7,-3.38,0.569,0.536,0.071,0.511,9.8,0.0,0.0
Brandon Rush,Kansas,2008,12,SG,109,31.3,0.449,0.458,0.435,0.733,13.6,7.56,0.558,0.535,0.395,0.229,6.8,1.04,0.373
Anthony Randolph,LSU,2008,13,PF,31,32.8,0.464,0.483,0.105,0.693,15.6,5.66,0.511,0.467,0.048,0.421,1.1,0.0,0.0
Robin Lopez,Stanford,2008,14,C,67,24.3,0.511,0.511,0.5,0.612,9.0,8.0,0.535,0.512,0.004,0.452,2.2,0.0,0.0
Marreese Speights,Florida,2008,15,C,69,15.4,0.633,0.633,0.0,0.688,9.5,6.16,0.647,0.633,0.0,0.371,4.9,0.03,0.25
Roy Hibbert,Georgetown,2008,16,C,136,23.3,0.603,0.602,1.0,0.68,10.9,7.54,0.626,0.605,0.003,0.506,11.7,0.0,0.0
Javale McGee,Nevada,2008,17,C,66,18.7,0.542,0.563,0.356,0.514,8.7,0.49,0.557,0.56,0.104,0.405,2.4,0.0,0.0
J.J. Hickson,NC State,2008,18,C,31,28.7,0.591,0.593,0.0,0.677,14.8,9.06,0.621,0.591,0.004,0.707,3.2,0.0,0.0
Ryan Anderson,California,2008,19,PF,66,33.0,0.484,0.532,0.396,0.841,18.7,8.56,0.605,0.554,0.356,0.379,7.5,1.05,0.365
Courtney Lee,Western Kentucky,2008,20,SG,127,31.2,0.464,0.498,0.401,0.817,17.6,-1.08,0.572,0.535,0.353,0.275,11.1,1.06,0.404
Kosta Koufos,Ohio State,2008,21,C,37,27.1,0.508,0.535,0.349,0.68,14.4,7.97,0.551,0.533,0.144,0.229,2.3,0.0,0.0
George Hill,IUPUI,2008,22,PG,95,33.3,0.529,0.565,0.404,0.785,17.0,-3.26,0.628,0.574,0.22,0.575,12.0,0.31,0.329
Darrell Arthur,Kansas,2008,23,PF,78,21.9,0.541,0.552,0.118,0.676,11.3,7.53,0.564,0.543,0.025,0.312,4.1,0.0,0.0
Donte Greene,Syracuse,2008,24,SF,35,35.8,0.418,0.492,0.345,0.707,17.7,7.96,0.531,0.505,0.501,0.255,1.9,0.47,0.26
D.J. White,Indiana,2008,25,PF,99,30.6,0.562,0.563,0.333,0.69,14.6,7.95,0.595,0.563,0.003,0.52,9.1,0.0,0.0
J.R. Giddens,New Mexico,2008,26,SF,122,29.0,0.464,0.551,0.35,0.602,13.3,6.22,0.549,0.54,0.435,0.232,6.8,0.0,0.0
Mario Chalmers,Kansas,2008,27,PG,110,28.5,0.486,0.545,0.419,0.767,12.2,7.56,0.619,0.584,0.47,0.389,9.5,1.39,0.367
DeAndre Jordan,Texas A&M,2008,28,C,35,20.1,0.617,0.617,0.0,0.437,7.9,7.46,0.58,0.617,0.0,0.65,1.6,0.0,0.0
Luc Mbah a Moute,UCLA,2008,29,SF,107,29.5,0.503,0.545,0.215,0.668,8.7,8.6,0.544,0.516,0.127,0.363,4.1,0.0,0.0
Kyle Weaver,Washington State,2008,30,SG,121,29.8,0.464,0.505,0.277,0.716,9.6,6.88,0.54,0.489,0.179,0.508,5.4,0.57,0.344
Chris Douglas-Roberts,Memphis,2008,31,SF,109,26.1,0.54,0.579,0.372,0.725,14.2,4.64,0.611,0.575,0.191,0.485,10.0,0.07,0.25
Sean Singletery,Virginia,2008,32,PG,123,32.8,0.406,0.433,0.362,0.846,16.9,7.98,0.546,0.476,0.388,0.428,8.5,0.27,0.4
Henry Walker,Kansas State,2008,33,SG,37,26.6,0.456,0.52,0.285,0.727,15.3,6.66,0.533,0.494,0.271,0.355,1.8,0.0,0.0
Darnell Jackson,Kansas,2008,34,SF,125,16.6,0.58,0.583,0.333,0.685,6.8,8.38,0.613,0.582,0.011,0.61,5.6,0.0,0.0
Mike Taylor,Iowa State,2008,35,PG,31,35.0,0.376,0.391,0.36,0.682,16.0,5.19,0.495,0.464,0.487,0.294,0.9,0.25,0.325
Blake Griffin,Oklahoma,2009,1,PF,68,30.9,0.618,0.622,0.3,0.589,18.8,7.37,0.62,0.62,0.013,0.665,8.9,0.09,0.292
Hasheem Thabeet,UConn,2009,2,C,100,29.3,0.611,0.611,0.0,0.625,10.3,7.14,0.624,0.611,0.0,0.844,7.2,0.0,0.0
James Harden,Arizona State,2009,3,SG,69,35.0,0.506,0.57,0.376,0.755,19.0,7.05,0.618,0.568,0.329,0.6,10.0,1.22,0.375
Tyreke Evans,Memphis,2009,4,SG,37,29.0,0.455,0.514,0.274,0.711,17.1,4.63,0.529,0.489,0.246,0.384,2.4,0.5,0.255
Jonny Flynn,Syracuse,2009,5,PG,73,36.5,0.46,0.525,0.333,0.782,16.6,8.72,0.567,0.516,0.34,0.416,5.9,0.95,0.358
Stephen Curry,Davidson,2009,6,PG,104,32.6,0.467,0.53,0.412,0.876,25.3,-1.31,0.62,0.578,0.538,0.293,18.0,2.08,0.437
Jordan Hill,Arizona,2009,7,PF,97,27.0,0.578,0.578,0.0,0.636,12.5,9.93,0.593,0.578,0.0,0.405,7.1,0.0,0.0
DeMar DeRozan,USC,2009,8,SG,35,33.4,0.523,0.562,0.167,0.646,13.9,9.15,0.555,0.531,0.098,0.401,2.4,0.05,0.25
Terrence Williams,Louisville,2009,9,SF,140,32.2,0.4,0.457,0.32,0.589,11.2,7.65,0.484,0.467,0.422,0.254,1.9,0.4,0.31
Gerald Henderson,Duke,2009,10,SG,103,25.3,0.458,0.493,0.329,0.706,12.3,9.61,0.533,0.493,0.211,0.4,4.3,0.09,0.211
Tyler Hansbrough,UNC,2009,11,PF,142,30.9,0.536,0.541,0.316,0.791,20.2,8.39,0.613,0.539,0.022,0.708,17.2,0.0,0.0
Earl Clark,Louisville,2009,12,PF,104,26.7,0.467,0.512,0.298,0.64,10.6,8.03,0.524,0.498,0.21,0.366,3.6,0.04,0.4
Austin Daye,Gonzaga,2009,13,SF,67,22.5,0.477,0.495,0.422,0.79,11.6,2.85,0.575,0.53,0.255,0.364,4.1,0.42,0.305
James Johnson,Wake Forest,2009,14,PF,61,29.9,0.515,0.587,0.296,0.693,14.8,8.09,0.575,0.551,0.248,0.32,4.6,0.23,0.326
Jrue Holiday,UCLA,2009,15,PG,35,27.1,0.45,0.528,0.307,0.726,8.5,7.18,0.532,0.504,0.353,0.249,1.2,0.85,0.39
Ty Lawson,UNC,2009,16,PG,105,27.0,0.517,0.568,0.403,0.78,13.1,8.59,0.624,0.579,0.31,0.482,9.0,0.52,0.41
Jeff Teague,Wake Forest,2009,17,PG,61,30.9,0.462,0.477,0.421,0.812,16.4,8.09,0.586,0.518,0.268,0.529,5.6,0.1,0.219
Eric Maynor,VCU,2009,18,PG,130,30.7,0.449,0.477,0.37,0.791,15.0,-0.76,0.555,0.498,0.264,0.437,9.8,0.27,0.31
Darren Collison,UCLA,2009,19,PG,142,29.2,0.475,0.494,0.435,0.851,11.5,8.25,0.594,0.544,0.318,0.346,11.0,0.61,0.4
Byron Mullens,Ohio State,2009,20,PF,33,20.3,0.638,0.642,0.0,0.559,8.8,8.23,0.629,0.638,0.005,0.495,2.3,0.0,0.0
Taj Gibson,USC,2009,21,PF,105,32.7,0.58,0.58,0.0,0.629,12.4,8.54,0.597,0.58,0.0,0.557,8.4,0.0,0.0
DeMarre Carroll,Missouri,2009,22,SF,134,24.5,0.535,0.559,0.281,0.603,11.2,7.11,0.562,0.547,0.086,0.416,7.0,0.0,0.0
Wayne Ellington,UNC,2009,23,SG,115,28.5,0.463,0.513,0.397,0.809,14.7,8.59,0.577,0.549,0.434,0.216,8.0,0.84,0.395
Toney Douglas,Florida State,2009,24,PG,130,34.2,0.442,0.483,0.376,0.802,16.8,7.61,0.56,0.513,0.382,0.344,10.6,1.21,0.389
Jeff Ayres,Arizona State,2009,25,PF,126,30.2,0.58,0.585,0.0,0.764,12.6,7.31,0.62,0.58,0.009,0.454,12.0,0.0,0.0
Jermaine Taylor,UCF,2009,26,SG,122,25.8,0.466,0.536,0.376,0.764,16.2,0.56,0.577,0.548,0.438,0.264,10.6,0.16,0.227
Dante Cunningham,Villanova,2009,27,PF,139,27.2,0.524,0.525,0.333,0.693,9.6,8.7,0.561,0.524,0.003,0.449,6.2,0.0,0.0
DaJuan Summers,Georgetown,2009,28,PF,101,27.6,0.439,0.522,0.353,0.727,11.2,8.56,0.565,0.526,0.49,0.407,5.9,0.34,0.357
Sam Young,Pitt,2009,29,SF,143,25.5,0.498,0.539,0.356,0.692,13.2,8.0,0.564,0.538,0.225,0.339,9.1,0.14,0.196
Dejuan Blair,Pitt,2009,30,PF,72,26.6,0.568,0.568,0.0,0.614,13.6,8.23,0.582,0.568,0.0,0.448,5.4,0.0,0.0
Jon Brockman,Washington,2009,31,PF,131,28.7,0.534,0.534,0.0,0.612,13.8,7.16,0.553,0.534,0.001,0.448,7.5,0.0,0.0
Derrick Brown,Xavier,2009,32,SF,106,25.0,0.573,0.61,0.415,0.718,10.3,4.5,0.64,0.612,0.189,0.509,8.6,0.04,0.286
Jodie Meeks,Kentucky,2009,33,SG,81,27.7,0.436,0.491,0.386,0.89,15.4,7.77,0.598,0.536,0.52,0.381,7.8,0.7,0.318
Marcus Thornton,LSU,2009,34,SG,66,32.7,0.455,0.51,0.387,0.771,20.4,4.46,0.572,0.537,0.428,0.306,7.1,1.6,0.374
Chase Budinger,Arizona,2009,35,SF,100,35.4,0.469,0.524,0.383,0.782,17.0,9.93,0.58,0.544,0.389,0.31,9.2,1.24,0.369
A.J. Price,Uconn,2009,36,PG,99,29.4,0.413,0.447,0.365,0.722,13.0,7.14,0.528,0.489,0.417,0.357,4.4,1.07,0.345
Lester Hudson,Tennessee,2009,37,SG,65,36.5,0.456,0.53,0.372,0.858,26.6,-5.64,0.582,0.543,0.468,0.255,9.1,0.2,0.312
John Wall,Kentucky,2010,1,PG,37,34.8,0.461,0.509,0.325,0.754,16.6,6.82,0.562,0.503,0.26,0.53,3.7,0.49,0.296
Evan Turner,Ohio State,2010,2,SG,101,32.8,0.502,0.525,0.362,0.758,15.0,7.86,0.577,0.527,0.139,0.473,9.3,0.18,0.318
Derrick Favors,Georgia Tech,2010,3,PF,36,27.5,0.611,0.613,0.0,0.629,12.4,9.02,0.621,0.611,0.003,0.488,2.3,0.0,0.0
Wesley Johnson,Syracuse,2010,4,SG,93,31.6,0.454,0.516,0.349,0.768,13.9,6.79,0.555,0.518,0.367,0.306,5.9,1.3,0.356
DeMarcus Cousins,Kentucky,2010,5,C,38,23.5,0.558,0.565,0.167,0.604,15.1,6.82,0.579,0.56,0.016,0.726,3.8,0.04,0.167
Ekpe Udoh,Baylor,2010,6,C,103,27.2,0.472,0.485,0.289,0.649,8.4,7.6,0.511,0.481,0.062,0.357,3.7,0.0,0.0
Greg Monroe,Georgetown,2010,7,C,65,32.6,0.543,0.558,0.273,0.677,14.5,9.26,0.585,0.55,0.052,0.565,6.0,0.0,0.0
Al-Farouq Aminu,Wake Forest,2010,8,SF,62,30.1,0.476,0.522,0.238,0.687,14.4,8.1,0.541,0.495,0.16,0.534,3.9,0.56,0.315
Gordon Hayward,Butler,2010,9,SF,69,33.1,0.47,0.569,0.369,0.824,14.4,3.57,0.624,0.562,0.495,0.536,7.9,0.49,0.473
Paul George,Fresno State,2010,10,SG,63,33.9,0.447,0.485,0.396,0.803,15.5,1.13,0.579,0.532,0.43,0.369,5.3,0.67,0.297
Cole Aldrich,Kansas,2010,11,C,111,21.0,0.574,0.574,0.0,0.729,9.4,8.12,0.612,0.574,0.0,0.515,7.4,0.0,0.0
Xavier Henry,Kansas,2010,12,SG,36,27.5,0.458,0.492,0.418,0.783,13.4,8.25,0.591,0.555,0.466,0.325,2.8,0.05,0.118
Ed Davis,UNC,2010,13,PF,61,22.2,0.548,0.548,0.0,0.623,9.2,9.09,0.572,0.548,0.0,0.595,2.6,0.0,0.0
Patrick Patterson,Kentucky,2010,14,PF,97,34.0,0.585,0.604,0.329,0.734,16.1,6.24,0.625,0.597,0.069,0.396,12.0,0.0,0.0
Larry Sanders,VCU,2010,15,C,101,23.5,0.52,0.526,0.25,0.577,10.3,-0.69,0.538,0.523,0.02,0.456,4.7,0.0,0.0
Luke Babbitt,Nevada,2010,16,SF,68,34.9,0.48,0.494,0.421,0.893,19.4,1.98,0.591,0.52,0.192,0.424,8.4,0.12,0.188
Eric Bledsoe,Kentucky,2010,17,PG,37,30.3,0.462,0.516,0.383,0.667,11.3,6.82,0.566,0.54,0.41,0.394,1.5,0.4,0.276
Avery Bradley,Texas,2010,18,PG,34,29.5,0.432,0.457,0.375,0.545,11.6,7.38,0.496,0.489,0.304,0.179,1.6,0.0,0.0
James Anderson,Oklahoma State,2010,19,SF,101,32.8,0.46,0.536,0.375,0.797,17.9,7.36,0.596,0.549,0.473,0.416,11.6,0.69,0.391
Craig Brackins,Iowa State,2010,20,PF,96,31.8,0.445,0.48,0.292,0.726,16.0,7.34,0.514,0.472,0.184,0.349,5.5,0.0,0.0
Elliot Williams,Memphis,2010,21,SG,68,24.9,0.454,0.524,0.345,0.719,11.1,6.36,0.573,0.521,0.388,0.586,4.3,0.33,0.296
Trevor Booker,Clemson,2010,22,PF,134,28.4,0.559,0.574,0.324,0.624,12.9,7.85,0.584,0.569,0.058,0.428,10.5,0.0,0.0
Damion James,Texas,2010,23,SF,142,29.3,0.479,0.506,0.364,0.64,13.5,7.54,0.541,0.514,0.192,0.428,7.8,0.0,0.0
Dominique Jones,South Florida,2010,24,SG,95,36.5,0.442,0.512,0.323,0.737,18.9,7.32,0.551,0.502,0.37,0.459,9.1,0.0,0.0
Quincy Pondexter,Washington,2010,25,SF,136,27.3,0.503,0.528,0.327,0.768,13.1,7.55,0.572,0.524,0.127,0.429,9.7,0.27,0.36
Jordan Crawford,Xavier,2010,26,SG,65,29.3,0.455,0.494,0.384,0.765,15.5,6.01,0.555,0.523,0.352,0.269,5.1,0.79,0.258
Greivis Vasquez,Maryland,2010,27,SG,136,33.6,0.425,0.487,0.329,0.828,16.0,7.95,0.537,0.49,0.395,0.3,9.5,0.36,0.291
Daniel Orton,Kentucky,2010,28,PF,38,13.2,0.527,0.539,0.0,0.524,3.4,6.82,0.533,0.527,0.022,0.692,0.3,0.0,0.0
Lazar Hayward,Marquette,2010,29,SF,138,26.4,0.452,0.497,0.357,0.789,13.5,7.79,0.55,0.509,0.32,0.306,8.7,0.4,0.283
Armon Johnson,Nevada,2010,30,PG,101,32.7,0.467,0.514,0.289,0.75,14.3,1.28,0.536,0.497,0.207,0.318,6.0,0.13,0.417
Landry Fields,Stanford,2010,31,SF,129,23.6,0.463,0.51,0.342,0.676,10.8,7.35,0.543,0.511,0.279,0.401,6.4,1.05,0.393
Devin Ebanks,West Virginia,2010,32,PF,69,32.1,0.463,0.51,0.114,0.736,11.2,9.3,0.527,0.47,0.117,0.49,3.9,0.1,0.4
Jerome Jordan,Tulsa,2010,33,C,133,24.2,0.567,0.567,0.0,0.696,11.3,2.63,0.605,0.567,0.0,0.617,10.3,0.0,0.0
Luke Harangody,Notre Dame,2010,34,SF,129,29.2,0.476,0.486,0.326,0.782,19.2,6.73,0.536,0.486,0.066,0.365,9.8,0.33,0.242
Jeremy Evans,Western Kentucky,2010,35,PF,134,23.5,0.639,0.654,0.364,0.684,7.9,-1.72,0.66,0.648,0.049,0.436,9.0,0.0,0.0
Derrick Caracter,UTEP,2010,36,PF,79,19.7,0.563,0.57,0.313,0.628,10.3,5.88,0.585,0.567,0.029,0.505,3.9,0.0,0.0
Kyrie Irving,Duke,2011,1,PG,11,27.5,0.529,0.569,0.462,0.901,17.5,8.31,0.697,0.615,0.375,0.683,1.8,1.43,0.399
Derrick Williams,Arizona,2011,2,PF,69,29.2,0.586,0.598,0.511,0.719,17.8,8.04,0.66,0.621,0.136,0.85,9.2,0.56,0.268
Tristan Thompson,Texas,2011,3,PF,36,30.7,0.546,0.546,0.0,0.487,13.1,7.96,0.536,0.546,0.0,0.829,2.8,0.0,0.0
Brandon Knight,Kentucky,2011,4,PG,38,35.9,0.423,0.461,0.377,0.795,17.3,8.91,0.553,0.508,0.45,0.333,3.6,1.59,0.38
Kemba Walker,UConn,2011,5,PG,111,32.9,0.428,0.469,0.326,0.783,16.1,9.39,0.539,0.475,0.287,0.474,11.5,1.05,0.305
Jimmer Fredette,BYU,2011,6,PG,139,29.6,0.455,0.497,0.394,0.882,18.7,3.56,0.596,0.535,0.408,0.386,16.8,1.28,0.361
Klay Thompson,Washington State,2011,7,SG,98,34.4,0.424,0.45,0.39,0.827,17.9,6.32,0.55,0.509,0.438,0.27,7.9,1.68,0.414
Alec Burks,Colorado,2011,8,SG,68,30.9,0.495,0.533,0.313,0.804,19.0,6.65,0.592,0.522,0.175,0.579,9.2,0.25,0.333
Markieff Morris,Kansas,2011,9,PF,109,19.3,0.553,0.579,0.404,0.653,8.5,7.92,0.603,0.583,0.152,0.504,5.5,0.68,0.347
Marcus Morris,Kansas,2011,10,PF,109,24.0,0.555,0.585,0.358,0.66,12.6,7.92,0.601,0.579,0.134,0.514,9.4,0.12,0.118
Kawhi Leonard,San Diego State,2011,11,SF,70,31.9,0.449,0.497,0.25,0.744,14.1,5.29,0.513,0.473,0.195,0.312,6.1,0.64,0.376
Nikola Vucevic,USC,2011,12,C,87,27.7,0.509,0.551,0.303,0.746,11.1,7.86,0.571,0.535,0.169,0.355,6.5,0.06,0.375
Iman Shumpert,Georgia Tech,2011,13,PG,92,31.3,0.396,0.45,0.305,0.738,12.7,7.34,0.503,0.453,0.373,0.39,4.1,0.81,0.306
Chris Singleton,Florida State,2011,14,SF,95,29.1,0.419,0.476,0.33,0.592,10.3,7.05,0.507,0.484,0.393,0.419,2.5,0.67,0.346
Tobias Harris,Tennessee,2011,15,SF,34,29.2,0.46,0.497,0.303,0.753,15.3,8.73,0.54,0.489,0.189,0.423,2.9,0.14,0.261
Nolan Smith,Duke,2011,16,PG,143,26.9,0.448,0.482,0.368,0.8,13.4,8.97,0.551,0.503,0.303,0.345,11.6,0.3,0.289
Kenneth Faried,Morehead State,2011,17,PF,136,29.1,0.569,0.572,0.25,0.583,14.8,-4.03,0.579,0.57,0.009,0.549,11.8,0.0,0.0
Reggie Jackson,Boston College,2011,18,PG,99,28.0,0.465,0.527,0.351,0.753,12.7,7.25,0.56,0.527,0.352,0.302,7.9,0.29,0.21
MarShon Brooks,Providence,2011,19,SG,113,25.3,0.464,0.543,0.333,0.739,14.4,7.44,0.559,0.526,0.375,0.318,8.4,0.84,0.313
Jordan Hamilton,Texas,2011,20,SF,70,26.2,0.43,0.475,0.377,0.71,14.5,7.67,0.538,0.516,0.461,0.218,5.5,0.65,0.362
JaJuan Johnson,Purdue,2011,21,PF,140,27.5,0.501,0.512,0.25,0.743,13.7,7.64,0.556,0.506,0.043,0.47,10.3,0.0,0.0
Norris Cole,Cleveland State,2011,22,PG,140,29.4,0.435,0.48,0.321,0.826,14.1,1.92,0.539,0.48,0.278,0.377,10.5,0.32,0.276
Cory Joseph,Texas,2011,23,PG,36,32.4,0.422,0.429,0.413,0.699,10.4,7.96,0.526,0.503,0.391,0.227,2.2,0.1,0.2
Jimmy Butler,Marquette,2011,24,SG,106,29.6,0.508,0.525,0.383,0.773,12.0,8.21,0.607,0.531,0.122,0.776,11.2,0.05,0.182
Shelvin Mack,Butler,2011,25,PG,108,31.2,0.419,0.48,0.357,0.755,14.1,4.05,0.544,0.507,0.493,0.303,7.9,0.19,0.286
Jordan Williams,Maryland,2011,26,PF,66,28.6,0.528,0.528,0.0,0.559,13.2,6.85,0.54,0.528,0.0,0.544,4.9,0.0,0.0
Trey Thompkins,Georgia,2011,27,PF,89,29.5,0.469,0.496,0.357,0.729,15.7,6.56,0.536,0.504,0.194,0.297,5.5,0.17,0.308
Chandler Parsons,Florida,2011,28,SF,142,27.9,0.477,0.575,0.337,0.611,10.2,5.9,0.56,0.546,0.411,0.363,8.4,0.95,0.337
Jon Leuer,Wisconsin,2011,29,PF,123,22.8,0.482,0.521,0.368,0.723,11.2,8.06,0.559,0.529,0.253,0.309,8.9,0.07,0.333
Charles Jenkins,Hofstra,2011,30,PG,128,35.9,0.456,0.482,0.382,0.811,19.6,-1.45,0.563,0.505,0.254,0.425,13.9,0.06,0.15
Josh Harrellson,Kentucky,2011,31,PF,94,15.8,0.549,0.571,0.31,0.649,4.7,6.85,0.576,0.562,0.086,0.279,3.6,0.54,0.339
Andrew Goudelock,College of Charleston,2011,32,PG,140,32.8,0.457,0.494,0.413,0.838,18.4,-2.92,0.574,0.552,0.458,0.15,14.9,0.7,0.373
Josh Selby,Kansas,2011,33,PG,26,27.4,0.373,0.384,0.362,0.757,7.9,7.62,0.489,0.461,0.487,0.192,0.4,0.07,0.133
Lavoy Allen,Temple,2011,34,PF,135,32.2,0.534,0.549,0.288,0.671,10.5,4.24,0.562,0.542,0.06,0.293,9.5,0.0,0.0
Vernon Macklin,Florida,2011,35,PF,136,18.4,0.61,0.611,0.0,0.455,11.6,7.57,0.591,0.61,0.001,0.351,5.9,0.0,0.0
E'twaun Moore,Purdue,2011,36,SG,140,32.3,0.44,0.473,0.38,0.729,15.3,7.64,0.536,0.508,0.36,0.258,9.9,0.45,0.378
Isaiah Thomas,Washington,2011,37,PG,105,30.4,0.426,0.49,0.325,0.713,16.4,7.81,0.538,0.489,0.388,0.484,8.5,1.28,0.379
Anthony Davis,Kentucky,2012,1,PF,40,32.0,0.623,0.653,0.15,0.709,14.2,7.93,0.654,0.628,0.059,0.602,5.9,0.0,0.0
Michael Kidd-Gilchrist,Kentucky,2012,2,SF,40,31.1,0.491,0.535,0.255,0.745,11.9,7.93,0.57,0.511,0.156,0.589,3.4,0.03,0.222
Bradley Beal,Florida,2012,3,SG,37,34.2,0.445,0.541,0.339,0.769,14.8,7.33,0.575,0.525,0.473,0.44,3.6,1.62,0.386
Dion Waiters,Syracuse,2012,4,SG,71,20.4,0.453,0.513,0.348,0.753,9.7,8.4,0.551,0.516,0.362,0.303,4.4,1.03,0.31
Thomas Robinson,Kansas,2012,5,PF,105,18.7,0.525,0.525,0.5,0.606,9.8,8.6,0.55,0.529,0.019,0.502,5.1,0.0,0.0
Damian Lillard,Weber State,2012,6,PG,104,32.3,0.446,0.497,0.39,0.867,18.6,-2.21,0.606,0.54,0.481,0.458,14.2,2.26,0.368
Harrison Barnes,UNC,2012,7,SF,75,29.3,0.43,0.469,0.349,0.734,16.3,8.61,0.524,0.487,0.326,0.313,5.6,0.64,0.359
Terrence Ross,Washington,2012,8,SG,69,24.4,0.453,0.528,0.364,0.764,12.3,6.51,0.557,0.536,0.456,0.181,4.7,0.89,0.33
Andre Drummond,UConn,2012,9,C,34,28.4,0.538,0.541,0.0,0.295,10.0,8.07,0.509,0.538,0.007,0.301,1.4,0.02,0.5
Austin Rivers,Duke,2012,10,SG,34,33.2,0.433,0.477,0.365,0.658,15.5,8.4,0.538,0.505,0.396,0.458,2.4,0.46,0.326
Meyers Leonard,Illinois,2012,11,C,65,19.8,0.567,0.585,0.083,0.729,7.7,9.55,0.601,0.569,0.034,0.413,2.7,0.04,0.429
Jeremy Lamb,UConn,2012,12,SF,75,32.1,0.482,0.573,0.348,0.806,14.1,9.25,0.58,0.553,0.406,0.217,6.9,0.39,0.3
Kendall Marshall,UNC,2012,13,PG,73,28.8,0.446,0.484,0.366,0.693,7.2,8.61,0.541,0.505,0.323,0.401,3.7,0.48,0.315
John Henson,UNC,2012,14,PF,109,23.8,0.497,0.505,0.208,0.484,10.3,9.01,0.501,0.5,0.025,0.365,4.1,0.0,0.0
Maurice Harkless,St. John's (NY),2012,15,SF,32,36.1,0.452,0.506,0.215,0.676,15.5,6.98,0.504,0.472,0.185,0.326,1.8,0.42,0.274
Royce White,Iowa State,2012,16,PF,34,31.5,0.534,0.541,0.333,0.498,13.4,7.32,0.536,0.54,0.037,0.625,2.1,0.0,0.0
Tyler Zeller,UNC,2012,17,C,117,23.0,0.543,0.544,0.0,0.775,12.8,8.85,0.597,0.543,0.002,0.52,9.9,0.0,0.0
Terrence Jones,Kentucky,2012,18,PF,76,30.4,0.467,0.493,0.328,0.638,14.0,8.42,0.526,0.493,0.156,0.489,6.2,0.26,0.263
Andrew Nicholson,St. Bonaventure,2012,19,PF,123,29.9,0.575,0.586,0.377,0.72,17.1,1.35,0.616,0.585,0.055,0.45,12.7,0.0,0.0
Jared Sullinger,Ohio State,2012,20,PF,74,31.0,0.53,0.541,0.365,0.733,17.3,8.73,0.591,0.541,0.061,0.583,10.3,0.02,0.2
Fab Melo,Syracuse,2012,21,C,63,17.3,0.576,0.576,0.0,0.553,4.9,8.4,0.577,0.576,0.0,0.371,1.6,0.0,0.0
John Jenkins,Vanderbilt,2012,22,SG,98,30.6,0.468,0.521,0.438,0.856,16.9,7.59,0.648,0.607,0.634,0.339,12.5,0.87,0.384
Jared Cunningham,Oregon State,2012,23,SG,98,27.9,0.455,0.501,0.344,0.754,13.0,4.73,0.576,0.505,0.292,0.678,5.8,0.25,0.667
Tony Wroten,Washington,2012,24,SG,35,30.3,0.443,0.483,0.161,0.583,16.0,5.27,0.488,0.453,0.125,0.591,1.6,0.11,0.25
Miles Plumlee,Duke,2012,25,C,135,15.8,0.557,0.557,1.0,0.625,4.8,8.75,0.575,0.559,0.002,0.426,4.1,0.0,0.0
Arnett Moultrie,Mississippi State,2012,26,PF,100,30.2,0.511,0.539,0.289,0.676,11.4,3.34,0.557,0.527,0.112,0.397,5.4,0.0,0.0
Perry Jones,Baylor,2012,27,SF,63,32.2,0.522,0.539,0.279,0.678,13.7,6.41,0.558,0.531,0.065,0.363,5.0,0.0,0.0
Marquis Teague,Kentucky,2012,28,PG,40,32.6,0.412,0.438,0.325,0.714,10.0,7.93,0.491,0.449,0.227,0.338,1.7,0.08,0.174
Festus Ezeli,Vanderbilt,2012,29,C,121,17.9,0.562,0.562,0.0,0.584,7.7,6.64,0.577,0.562,0.0,0.799,4.4,0.0,0.0
Jeffery Taylor,Vanderbilt,2012,30,SF,134,29.3,0.483,0.52,0.358,0.693,14.2,6.64,0.562,0.524,0.233,0.473,10.4,0.69,0.344
Bernard James,Florida State,2012,31,PF,69,24.6,0.627,0.627,0.0,0.528,9.7,7.04,0.613,0.627,0.0,0.533,3.5,0.0,0.0
Jae Crowder,Marquette,2012,32,SF,72,30.2,0.492,0.581,0.35,0.683,14.6,8.0,0.584,0.56,0.386,0.377,7.8,0.81,0.328
Draymond Green,Michigan State,2012,33,PF,145,25.0,0.467,0.496,0.361,0.687,10.5,9.76,0.543,0.506,0.217,0.426,9.6,0.18,0.209
Orlando Johnson,UCSB,2012,34,SF,124,31.3,0.457,0.493,0.391,0.72,17.8,-0.6,0.566,0.526,0.352,0.438,11.9,0.71,0.383
Quincy Acy,Baylor,2012,35,SF,139,25.1,0.602,0.604,0.429,0.708,9.8,7.2,0.635,0.604,0.008,0.594,9.9,0.03,0.5
Khris Middleton,Texas A&M,2012,36,SF,87,26.0,0.431,0.494,0.321,0.768,11.3,7.42,0.534,0.489,0.364,0.345,4.8,0.52,0.311
Will Barton,Memphis,2012,37,SF,70,32.9,0.471,0.546,0.299,0.733,15.2,4.2,0.549,0.517,0.302,0.311,5.9,0.12,0.138
Tyshawn Taylor,Kansas,2012,38,PG,146,27.7,0.477,0.518,0.37,0.708,10.8,8.42,0.566,0.529,0.28,0.438,8.5,0.16,0.462
Doron Lamb,Kentucky,2012,39,SG,78,29.8,0.485,0.492,0.475,0.811,13.1,8.42,0.627,0.589,0.437,0.359,8.1,0.3,0.378
Mike Scott,Virginia,2012,40,PF,130,26.6,0.521,0.528,0.364,0.775,11.8,6.34,0.575,0.529,0.039,0.405,8.9,0.0,0.0
Kim English,Missouri,2012,41,SG,141,24.2,0.42,0.444,0.394,0.727,11.1,6.32,0.551,0.517,0.494,0.337,6.7,0.34,0.28
Darius Miller,Kentucky,2012,42,SF,152,24.9,0.448,0.509,0.379,0.815,8.2,7.12,0.568,0.537,0.467,0.229,8.1,0.42,0.393
Kyle O'Quinn,Norfolk State,2012,43,C,129,27.5,0.553,0.62,0.261,0.685,12.5,-7.19,0.602,0.577,0.188,0.44,9.4,0.0,0.0
Robert Sacre,Gonzaga,2012,44,C,136,21.7,0.504,0.505,0.25,0.735,9.3,3.36,0.575,0.504,0.005,0.756,7.1,0.0,0.0
Anthony Bennett,UNLV,2013,1,PF,35,27.1,0.533,0.587,0.375,0.701,16.1,5.71,0.609,0.58,0.253,0.467,3.5,0.25,0.245
Victor Oladipo,Indiana,2013,2,PG,104,24.6,0.538,0.585,0.338,0.716,10.7,7.94,0.604,0.57,0.188,0.476,7.8,0.93,0.327
Otto Porter,Georgetown,2013,3,SF,64,32.5,0.498,0.55,0.355,0.751,12.8,7.64,0.585,0.545,0.264,0.41,6.8,0.11,0.19
Cody Zeller,Indiana,2013,4,C,72,29.0,0.592,0.594,0.0,0.756,16.1,8.09,0.643,0.592,0.003,0.705,9.9,0.0,0.0
Alex Len,Maryland,2013,5,C,60,24.5,0.538,0.548,0.111,0.663,9.7,5.32,0.569,0.539,0.022,0.476,3.5,0.0,0.0
Nerlens Noel,Kentucky,2013,6,C,24,31.9,0.59,0.59,0.0,0.529,10.5,5.78,0.583,0.59,0.0,0.627,1.6,0.0,0.0
Ben McLemore,Kansas,2013,7,SG,37,32.2,0.495,0.553,0.42,0.87,15.9,7.54,0.633,0.586,0.435,0.345,4.2,1.16,0.32
Kentavious Caldwell-Pope,Georgia,2013,8,SG,64,33.0,0.415,0.504,0.339,0.752,15.8,7.02,0.543,0.507,0.539,0.307,5.8,0.74,0.319
Trey Burke,Michigan,2013,9,PG,73,35.7,0.45,0.499,0.367,0.777,16.9,9.51,0.556,0.519,0.374,0.3,9.7,1.59,0.33
C.J. McCollum,Lehigh,2013,10,SG,111,32.9,0.439,0.47,0.377,0.825,21.3,-5.41,0.563,0.501,0.33,0.423,13.9,0.79,0.375
Michael Carter-Williams,Syracuse,2013,11,PG,66,25.4,0.398,0.438,0.307,0.679,8.2,8.29,0.493,0.445,0.303,0.462,3.3,0.79,0.264
Steven Adams,Pitt,2013,12,C,32,23.4,0.571,0.571,0.0,0.443,7.2,5.63,0.555,0.571,0.0,0.4,1.6,0.0,0.0
Kelly Olynyk,Gonzaga,2013,13,C,101,17.2,0.594,0.634,0.333,0.709,8.9,4.0,0.641,0.616,0.132,0.501,6.7,0.57,0.351
Shabazz Muhammad,UCLA,2013,14,SG,32,30.8,0.443,0.463,0.377,0.711,17.9,7.82,0.528,0.487,0.232,0.395,2.9,0.08,0.273
Shane Larkin,Miami (FL),2013,15,PG,68,31.3,0.438,0.491,0.375,0.808,11.2,7.03,0.566,0.524,0.46,0.311,5.1,0.25,0.316
Tony Snell,New Mexico,2013,16,SG,104,24.8,0.421,0.48,0.38,0.821,9.2,4.95,0.571,0.533,0.588,0.272,5.1,0.74,0.32
Gorgui Dieng,Louisville,2013,17,C,102,27.3,0.545,0.546,0.333,0.64,8.3,8.78,0.568,0.546,0.005,0.439,5.4,0.02,1.0
Mason Plumlee,Duke,2013,18,C,141,25.9,0.574,0.578,0.2,0.583,9.8,8.87,0.584,0.575,0.011,0.622,8.3,0.0,0.0
Solomon Hill,Arizona,2013,19,SF,139,29.0,0.481,0.528,0.375,0.745,10.3,7.05,0.582,0.538,0.303,0.453,9.0,0.25,0.304
Tim Hardaway Jr.,Michigan,2013,20,SG,107,33.3,0.425,0.5,0.343,0.724,14.3,9.9,0.539,0.507,0.475,0.308,8.0,1.6,0.363
Reggie Bullock,UNC,2013,21,SF,100,24.6,0.439,0.517,0.387,0.72,9.9,8.41,0.568,0.555,0.596,0.145,6.8,0.51,0.301
Andre Roberson,Colorado,2013,22,SG,105,28.3,0.516,0.555,0.35,0.582,9.6,6.43,0.561,0.549,0.193,0.459,6.2,0.05,0.154
Archie Goodwin,Kentucky,2013,23,SG,33,31.8,0.44,0.478,0.266,0.637,14.1,5.78,0.509,0.464,0.179,0.594,1.6,0.1,0.139
Isaiah Canaan,Murray State,2013,24,PG,132,29.4,0.45,0.483,0.419,0.803,15.5,-3.56,0.606,0.558,0.514,0.42,14.3,0.82,0.327
Ray McCallum,Detroit,2013,25,PG,102,34.5,0.465,0.536,0.29,0.723,15.9,0.84,0.556,0.507,0.286,0.506,11.2,0.49,0.373
Nate Wolters,South Dakota State,2013,26,PG,127,33.1,0.45,0.49,0.342,0.803,18.5,-3.55,0.56,0.497,0.269,0.47,19.1,0.31,0.29
Jeff Withey,Kansas,2013,27,C,117,19.8,0.568,0.567,1.0,0.726,8.0,8.34,0.616,0.569,0.002,0.677,6.6,0.0,0.0
Jamaal Franklin,San Diego State,2013,28,SG,85,25.9,0.426,0.504,0.302,0.78,13.7,5.45,0.55,0.484,0.383,0.514,5.5,0.24,0.455
Mike Muscala,Bucknell,2013,29,PF,133,28.7,0.501,0.51,0.313,0.819,15.3,-3.94,0.574,0.508,0.046,0.482,14.6,0.0,0.0
Ryan Kelly,Duke,2013,30,PF,126,19.3,0.46,0.513,0.379,0.805,7.5,8.87,0.585,0.535,0.394,0.399,7.2,0.81,0.338
Lorenzo Brown,NC State,2013,31,SG,101,32.6,0.429,0.464,0.305,0.741,11.6,6.92,0.513,0.463,0.22,0.4,5.7,0.12,0.1
Peyton Siva,Louisville,2013,32,PG,144,26.2,0.417,0.482,0.291,0.737,8.4,8.58,0.516,0.467,0.344,0.4,4.9,0.29,0.28
Andrew Wiggins,Kansas,2014,1,SF,35,32.8,0.448,0.493,0.341,0.775,17.1,11.4,0.563,0.499,0.299,0.538,3.2,0.48,0.31
Jabari Parker,Duke,2014,2,PF,35,30.7,0.473,0.504,0.358,0.748,19.1,8.48,0.558,0.511,0.212,0.429,3.6,0.16,0.25
Joel Embiid,Kansas,2014,3,C,28,23.1,0.626,0.639,0.2,0.685,11.2,11.4,0.655,0.629,0.029,0.836,1.8,1.16,0.367
Aaron Gordon,Arizona,2014,4,PF,38,31.2,0.495,0.513,0.356,0.422,12.4,9.04,0.503,0.516,0.118,0.471,2.1,0.28,0.271
Marcus Smart,Oklahoma State,2014,5,PG,64,33.1,0.413,0.488,0.295,0.751,16.6,7.53,0.542,0.47,0.388,0.612,5.6,1.36,0.335
Julius Randle,Kentucky,2014,6,PF,40,30.8,0.501,0.517,0.167,0.706,15.0,9.89,0.567,0.505,0.046,0.739,3.5,0.0,0.0
Nik Stauskas,Michigan,2014,7,SG,75,32.9,0.467,0.5,0.441,0.832,14.1,9.85,0.638,0.591,0.564,0.421,8.5,0.66,0.322
Noah Vonleh,Indiana,2014,8,PF,30,26.5,0.523,0.53,0.485,0.716,11.3,6.64,0.604,0.56,0.153,0.62,1.6,0.2,0.385
Elfrid Payton,Louisiana,2014,9,PG,100,31.6,0.485,0.512,0.268,0.611,14.3,-1.6,0.533,0.5,0.109,0.625,6.1,0.13,0.262
Doug McDermott,Creighton,2014,10,SF,145,31.5,0.55,0.587,0.458,0.831,21.7,4.29,0.652,0.616,0.288,0.345,21.6,0.36,0.317
Zach LaVine,UCLA,2014,11,PG,37,24.4,0.441,0.494,0.375,0.691,9.4,7.62,0.545,0.524,0.444,0.236,1.4,0.74,0.341
T.J. Warren,NC State,2014,12,SF,70,31.2,0.555,0.598,0.315,0.654,18.5,7.31,0.593,0.579,0.15,0.313,8.1,0.12,0.238
Adreian Payne,Michigan State,2014,13,PF,138,20.0,0.526,0.551,0.409,0.755,8.9,10.35,0.601,0.562,0.175,0.432,7.0,0.03,0.111
James Young,Kentucky,2014,14,SG,40,32.4,0.407,0.47,0.349,0.706,14.3,9.89,0.536,0.498,0.522,0.393,3.0,0.55,0.258
Tyler Ennis,Syracuse,2014,15,PG,34,35.7,0.411,0.429,0.353,0.765,12.9,7.25,0.511,0.453,0.236,0.414,3.2,0.36,0.279
Gary Harris,Michigan State,2014,16,SG,69,31.0,0.44,0.503,0.376,0.788,14.9,9.96,0.571,0.533,0.495,0.306,6.2,0.38,0.204
Mitch McGary,Michigan,2014,17,PF,47,20.6,0.588,0.592,0.0,0.513,7.8,9.85,0.582,0.588,0.007,0.272,2.6,0.0,0.0
Jordan Adams,UCLA,2014,18,SG,69,30.2,0.467,0.548,0.331,0.839,16.4,7.72,0.589,0.529,0.371,0.429,7.4,0.33,0.4
Rodney Hood,Duke,2014,19,SG,67,32.8,0.455,0.499,0.396,0.773,13.3,6.67,0.569,0.539,0.426,0.252,5.8,1.24,0.365
Shabazz Napier,UConn,2014,20,PG,143,32.3,0.411,0.444,0.375,0.813,13.7,8.64,0.562,0.501,0.479,0.433,12.8,0.84,0.364
P.J. Hairston,UNC,2014,21,SG,71,18.1,0.388,0.458,0.349,0.8,10.0,7.54,0.544,0.5,0.642,0.309,4.3,1.09,0.301
C.J. Wilcox,Washington,2014,22,SG,131,28.5,0.433,0.481,0.389,0.84,14.4,6.67,0.571,0.535,0.523,0.241,11.7,0.33,0.368
Josh Huestis,Stanford,2014,23,PF,135,25.0,0.451,0.492,0.319,0.61,7.5,6.38,0.509,0.489,0.238,0.318,5.5,0.8,0.667
Kyle Anderson,UCLA,2014,24,SF,71,31.6,0.452,0.465,0.375,0.736,12.2,7.72,0.531,0.479,0.143,0.452,4.6,0.09,0.273
K.J. McDaniels,Clemson,2014,25,SF,94,24.3,0.45,0.516,0.313,0.767,11.0,4.6,0.547,0.501,0.322,0.373,5.6,0.69,0.287
Joe Harris,Virginia,2014,26,SG,135,30.3,0.445,0.484,0.407,0.722,12.6,5.72,0.577,0.548,0.506,0.324,10.0,0.61,0.369
Cleanthony Early,Wichita State,2014,27,SF,75,26.2,0.47,0.555,0.348,0.819,15.1,3.91,0.596,0.541,0.411,0.433,7.2,0.56,0.262
Johnny O'Bryant,LSU,2014,28,PF,91,27.1,0.467,0.474,0.222,0.619,12.7,5.38,0.501,0.47,0.028,0.434,1.9,0.0,0.0
Spencer Dinwiddie,Colorado,2014,29,PG,86,30.1,0.42,0.446,0.386,0.83,13.0,7.49,0.599,0.504,0.432,0.733,8.4,0.35,0.185
Jerami Grant,Syracuse,2014,30,SF,72,21.9,0.486,0.496,0.3,0.641,7.5,7.91,0.536,0.494,0.052,0.652,3.6,0.75,0.314
Glenn Robinson III,Michigan,2014,31,SF,76,33.0,0.525,0.603,0.313,0.718,12.0,9.85,0.593,0.567,0.269,0.331,7.0,0.14,0.263
Nick Johnson,Arizona,2014,32,SG,108,30.9,0.421,0.459,0.359,0.734,12.3,7.04,0.535,0.49,0.383,0.399,7.0,0.18,0.238
Markel Brown,Oklahoma State,2014,33,SG,134,30.5,0.439,0.486,0.347,0.733,12.4,7.74,0.545,0.497,0.335,0.442,8.0,0.36,0.266
Dwight Powell,Stanford,2014,34,PF,136,26.2,0.464,0.484,0.289,0.722,10.8,6.38,0.533,0.479,0.103,0.502,6.1,0.1,0.273
Jordan Clarkson,Missouri,2014,35,SG,93,31.7,0.44,0.485,0.322,0.805,15.4,4.32,0.548,0.484,0.274,0.453,6.9,0.64,0.314
Lamar Patterson,Pitt,2014,36,SF,149,24.3,0.435,0.483,0.369,0.723,9.5,6.86,0.549,0.513,0.422,0.359,9.4,0.34,0.245
Cory Jefferson,Baylor,2014,37,PF,130,19.9,0.543,0.556,0.34,0.66,8.9,8.32,0.582,0.554,0.063,0.534,8.3,0.04,0.133
Karl-Anthony Towns,Kentucky,2015,1,C,39,21.1,0.566,0.577,0.25,0.813,10.3,8.67,0.627,0.57,0.031,0.523,3.5,0.37,0.341
D'Angelo Russell,Ohio State,2015,2,PG,35,33.9,0.449,0.479,0.411,0.756,19.3,7.37,0.573,0.541,0.449,0.303,4.4,1.62,0.351
Jahlil Okafor,Duke,2015,3,C,38,30.1,0.664,0.664,0.0,0.51,17.3,9.87,0.641,0.664,0.0,0.462,4.5,0.02,0.167
Willie Cauley-Stein,Kentucky,2015,4,C,105,24.5,0.593,0.593,0.0,0.508,8.0,8.12,0.582,0.593,0.0,0.509,5.7,0.0,0.0
Stanley Johnson,Arizona,2015,5,SF,38,28.4,0.446,0.478,0.371,0.742,13.8,7.41,0.551,0.501,0.297,0.456,2.8,0.86,0.307
Frank Kaminsky,Wisconsin,2015,6,C,144,20.4,0.522,0.58,0.369,0.763,10.1,9.61,0.609,0.573,0.275,0.384,12.8,0.84,0.337
Justise Winslow,Duke,2015,7,SF,39,29.1,0.486,0.516,0.418,0.641,12.6,9.87,0.572,0.551,0.309,0.438,3.1,0.41,0.276
Myles Turner,Texas,2015,8,C,34,22.2,0.455,0.513,0.274,0.839,10.1,9.07,0.556,0.488,0.241,0.436,1.9,0.05,0.214
Trey Lyles,Kentucky,2015,9,PF,36,23.0,0.488,0.536,0.138,0.735,8.7,8.67,0.543,0.496,0.121,0.425,2.1,0.61,0.383
Devin Booker,Kentucky,2015,10,SG,38,21.5,0.47,0.527,0.411,0.828,10.0,8.67,0.6,0.571,0.491,0.223,2.7,1.3,0.343
Cameron Payne,Murray State,2015,11,PG,69,32.4,0.432,0.487,0.359,0.781,18.5,-3.19,0.551,0.509,0.431,0.322,8.0,0.63,0.324
Kelly Oubre,Kansas,2015,12,SF,36,21.0,0.444,0.497,0.358,0.718,9.3,12.13,0.555,0.512,0.383,0.444,1.7,0.4,0.316
Terry Rozier,Louisville,2015,13,PG,73,26.8,0.408,0.447,0.331,0.772,12.0,6.89,0.507,0.463,0.337,0.303,4.5,0.15,0.222
Rashad Vaughn,UNLV,2015,14,SG,23,32.3,0.439,0.481,0.383,0.694,17.8,3.38,0.547,0.521,0.43,0.299,1.4,0.61,0.293
Sam Dekker,Wisconsin,2015,15,SF,113,27.9,0.493,0.591,0.348,0.695,12.1,10.07,0.585,0.563,0.403,0.317,10.6,0.0,0.0
Jerian Grant,Notre Dame,2015,16,PG,119,36.4,0.436,0.498,0.345,0.79,14.6,6.88,0.563,0.506,0.407,0.444,13.9,0.29,0.22
Delon Wright,Utah,2015,17,PG,68,34.8,0.535,0.594,0.299,0.814,15.0,6.82,0.629,0.565,0.2,0.593,9.5,0.19,0.385
Justin Anderson,Virginia,2015,18,SF,98,24.1,0.43,0.481,0.357,0.752,8.9,6.64,0.549,0.503,0.407,0.398,5.2,0.4,0.265
Bobby Portis,Arkansas,2015,19,PF,70,28.5,0.526,0.54,0.365,0.737,15.0,6.18,0.574,0.54,0.081,0.35,6.6,0.26,0.308
Rondae Hollis-Jefferson,Arizona,2015,20,SF,76,27.0,0.496,0.52,0.205,0.697,10.2,8.23,0.56,0.504,0.075,0.682,5.3,0.14,0.286
Tyus Jones,Duke,2015,21,PG,39,33.9,0.417,0.44,0.379,0.889,11.8,9.87,0.575,0.489,0.383,0.5,4.4,0.43,0.302
Jarell Martin,LSU,2015,22,PF,65,30.7,0.494,0.541,0.308,0.689,13.7,6.12,0.56,0.525,0.203,0.448,3.9,0.0,0.0
Larry Nance Jr.,Wyoming,2015,23,PF,123,29.5,0.521,0.551,0.308,0.771,11.3,2.08,0.587,0.54,0.12,0.438,8.4,0.02,0.1
R.J. Hunter,Georgia State,2015,24,SG,99,34.7,0.423,0.505,0.354,0.853,18.4,-2.33,0.579,0.519,0.541,0.397,12.0,0.53,0.302
Chris McCullough,Syracuse,2015,25,PF,16,28.1,0.478,0.473,1.0,0.563,9.3,7.68,0.508,0.482,0.009,0.628,0.3,0.54,0.382
Kevon Looney,UCLA,2015,26,PF,36,30.9,0.47,0.481,0.415,0.626,11.6,8.27,0.532,0.505,0.165,0.458,2.8,0.2,0.5
Montrezl Harrell,Louisville,2015,27,PF,112,26.4,0.586,0.6,0.275,0.533,11.6,7.64,0.586,0.592,0.044,0.447,8.4,0.0,0.0
Anthony Brown,Stanford,2015,28,SF,144,29.2,0.428,0.448,0.403,0.751,10.8,6.57,0.556,0.518,0.447,0.339,8.1,0.69,0.286
Richaun Holmes,Bowling Green State,2015,29,PF,95,26.5,0.554,0.58,0.353,0.697,11.5,-1.07,0.605,0.574,0.117,0.499,6.9,0.16,0.182
Darrun Hilliard,Villanova,2015,30,SG,132,26.8,0.436,0.507,0.367,0.748,11.4,7.8,0.569,0.529,0.506,0.38,8.1,0.5,0.38
Josh Richardson,Tennessee,2015,31,SG,136,28.3,0.456,0.516,0.318,0.758,9.2,7.15,0.542,0.504,0.306,0.312,6.8,1.02,0.461
Pat Connaughton,Notre Dame,2015,32,SF,139,32.3,0.45,0.549,0.386,0.777,10.5,6.88,0.587,0.567,0.607,0.188,10.6,0.15,0.238
Joe Young,Oregon,2015,33,PG,132,32.8,0.453,0.501,0.39,0.886,17.5,3.04,0.586,0.537,0.43,0.302,15.3,0.24,0.217
Norman Powell,UCLA,2015,34,SG,141,25.2,0.461,0.533,0.314,0.746,9.8,7.25,0.548,0.512,0.325,0.318,6.0,0.73,0.404
Ben Simmons,LSU,2016,1,PG,33,34.9,0.56,0.561,0.333,0.67,19.2,7.0,0.6,0.561,0.008,0.769,3.9,0.0,0.0
Brandon Ingram,Duke,2016,2,SF,36,34.6,0.442,0.464,0.41,0.682,17.3,10.59,0.552,0.525,0.403,0.351,3.4,0.7,0.294
Jaylen Brown,California,2016,3,SF,34,27.6,0.431,0.482,0.294,0.654,14.6,7.87,0.518,0.471,0.27,0.574,1.0,0.59,0.341
Kris Dunn,Providence,2016,4,PG,95,31.5,0.45,0.476,0.354,0.693,12.8,8.09,0.531,0.488,0.218,0.449,5.0,0.27,0.288
Buddy Hield,Oklahoma,2016,5,SG,132,31.7,0.448,0.508,0.39,0.836,17.4,9.28,0.584,0.548,0.511,0.257,12.2,1.8,0.391
Jamal Murray,Kentucky,2016,6,SG,36,35.2,0.454,0.502,0.408,0.783,20.0,8.84,0.59,0.559,0.515,0.283,4.4,1.4,0.334
Marquese Chriss,Washington,2016,7,PF,34,24.9,0.53,0.568,0.35,0.682,13.7,8.12,0.585,0.561,0.178,0.382,1.9,0.88,0.321
Jakob Poeltl,Utah,2016,8,C,70,26.9,0.658,0.659,0.0,0.605,13.3,8.1,0.653,0.658,0.002,0.669,7.0,0.0,0.0
Domantas Sabonis,Gonzaga,2016,9,PF,74,26.6,0.632,0.638,0.357,0.729,13.5,4.67,0.662,0.636,0.023,0.516,7.5,0.63,0.321
Taurean Waller-Prince,Baylor,2016,10,SF,129,20.2,0.46,0.504,0.376,0.718,10.2,9.08,0.557,0.524,0.34,0.349,6.2,0.56,0.324
Denzel Valentine,Michigan State,2016,11,SG,144,29.0,0.442,0.476,0.408,0.779,11.4,9.21,0.569,0.544,0.497,0.218,10.9,1.28,0.351
Wade Baldwin,Vanderbilt,2016,12,PG,68,29.6,0.431,0.436,0.422,0.8,11.6,7.45,0.578,0.508,0.366,0.552,5.3,0.09,0.136
Henry Ellenson,Marquette,2016,13,PF,33,33.5,0.446,0.495,0.288,0.749,17.0,5.57,0.534,0.48,0.239,0.439,2.0,0.53,0.286
Malik Beasley,Florida State,2016,14,SG,34,29.8,0.471,0.518,0.387,0.813,15.6,8.16,0.583,0.541,0.361,0.326,2.9,0.41,0.321
Caris LeVert,Michigan,2016,15,SF,103,26.4,0.434,0.456,0.401,0.77,10.4,9.3,0.552,0.514,0.396,0.314,6.3,1.04,0.321
DeAndre' Bembry,St. Joseph's,2016,16,SF,101,36.1,0.457,0.52,0.312,0.628,15.7,4.2,0.528,0.504,0.303,0.389,6.4,0.03,0.056
Malachi Richardson,Syracuse,2016,17,SG,37,34.4,0.369,0.388,0.353,0.72,13.4,9.75,0.51,0.465,0.544,0.381,1.5,0.36,0.286
Brice Johnson,UNC,2016,18,PF,148,21.0,0.577,0.577,0.0,0.715,11.9,9.72,0.601,0.577,0.0,0.328,10.4,0.0,0.0
Pascal Siakam,New Mexico State,2016,19,PF,68,32.7,0.551,0.559,0.176,0.711,16.6,-3.6,0.586,0.553,0.021,0.424,7.9,0.02,0.143
Skal Labissiere,Kentucky,2016,20,PF,36,15.8,0.516,0.521,0.0,0.661,6.6,8.84,0.54,0.516,0.011,0.326,0.9,0.09,0.375
Dejounte Murray,Washington,2016,21,PG,34,33.5,0.416,0.457,0.288,0.663,16.1,8.12,0.485,0.451,0.243,0.342,1.2,0.24,0.391
Damian Jones,Vanderbilt,2016,22,C,99,27.1,0.566,0.57,0.125,0.565,13.3,7.13,0.573,0.567,0.009,0.584,5.2,0.0,0.0
Deyonta Davis,Michigan State,2016,23,PF,35,18.6,0.598,0.598,0.0,0.605,7.5,6.94,0.601,0.598,0.0,0.191,1.7,0.0,0.0
Tyler Ulis,Kentucky,2016,24,PG,72,30.1,0.427,0.462,0.371,0.846,11.3,8.76,0.563,0.499,0.39,0.407,7.5,0.34,0.266
Malcolm Brogdon,Virginia,2016,25,SG,136,30.6,0.43,0.466,0.365,0.876,13.3,7.76,0.556,0.496,0.362,0.345,11.3,1.04,0.404
Patrick McCaw,UNLV,2016,26,SG,65,31.7,0.439,0.527,0.367,0.753,12.2,3.28,0.567,0.539,0.548,0.26,3.9,0.58,0.333
Isaiah Whitehead,Seton Hall,2016,27,SG,56,30.5,0.375,0.387,0.359,0.757,15.8,7.92,0.5,0.452,0.429,0.341,2.4,0.6,0.295
A.J. Hammons,Purdue,2016,28,C,132,24.3,0.359,0.544,0.261,0.69,12.1,7.64,0.574,0.541,0.02,0.46,7.0,0.23,0.5
Jake Layman,Maryland,2016,29,SF,141,27.9,0.445,0.53,0.362,0.759,10.2,7.17,0.572,0.536,0.505,0.333,7.6,0.37,0.255
Georges Niang,Iowa State,2016,30,SF,138,29.8,0.5,0.553,0.375,0.763,16.1,8.83,0.583,0.556,0.296,0.264,11.5,0.04,0.083
Kay Felder,Oakland,2016,31,PG,101,35.9,0.426,0.464,0.345,0.822,17.5,0.81,0.553,0.481,0.319,0.481,11.0,0.17,0.318
Abdel Nader,Iowa State,2016,32,SF,117,24.3,0.391,0.443,0.305,0.731,10.3,3.83,0.484,0.448,0.38,0.266,0.2,0.48,0.354
Tyrone Wallace,California,2016,33,SG,129,31.6,0.415,0.464,0.292,0.613,12.6,7.31,0.485,0.457,0.285,0.379,4.5,0.33,0.25
Markelle Fultz,Washington,2017,1,SG,25,35.7,0.476,0.502,0.413,0.649,23.2,6.82,0.558,0.535,0.287,0.383,3.3,0.0,0.0
Lonzo Ball,UCLA,2017,2,PG,36,35.1,0.551,0.732,0.412,0.673,14.6,6.39,0.673,0.668,0.566,0.286,4.8,1.73,0.305
Jayson Tatum,Duke,2017,3,SF,29,33.3,0.452,0.504,0.342,0.849,16.8,10.91,0.566,0.507,0.321,0.381,2.3,1.31,0.434
Josh Jackson,Kansas,2017,4,SF,35,30.8,0.513,0.549,0.378,0.566,16.3,12.23,0.559,0.552,0.21,0.403,2.7,0.74,0.263
De'Aaron Fox,Kentucky,2017,5,PG,36,29.6,0.479,0.521,0.246,0.736,16.7,10.49,0.549,0.498,0.154,0.474,3.1,0.64,0.307
Jonathan Isaac,Florida State,2017,6,PF,32,26.2,0.508,0.593,0.348,0.78,12.0,8.87,0.614,0.568,0.348,0.461,2.4,0.59,0.348
Lauri Markkanen,Arizona,2017,7,PF,37,30.8,0.492,0.545,0.423,0.835,15.6,7.63,0.635,0.584,0.434,0.436,4.8,2.13,0.362
Dennis Smith,NC State,2017,8,PG,32,34.8,0.455,0.509,0.359,0.715,18.1,8.09,0.563,0.52,0.364,0.476,3.1,1.54,0.313
Zach Collins,Gonzaga,2017,9,C,39,17.3,0.652,0.672,0.476,0.743,10.0,4.13,0.703,0.676,0.101,0.715,2.6,0.53,0.31
Malik Monk,Kentucky,2017,10,SG,38,32.1,0.45,0.497,0.397,0.822,19.8,10.49,0.586,0.543,0.47,0.323,3.9,1.32,0.342
Luke Kennard,Duke,2017,11,SG,73,31.2,0.461,0.526,0.383,0.867,15.7,10.75,0.6,0.548,0.455,0.349,8.4,1.11,0.415
Donovan Mitchell,Louisville,2017,12,SG,65,26.0,0.418,0.497,0.329,0.788,11.7,9.44,0.532,0.495,0.47,0.26,4.4,2.37,0.34
Bam Adebayo,Kentucky,2017,13,C,38,30.1,0.599,0.599,0.0,0.653,13.0,10.49,0.624,0.599,0.0,0.831,3.3,0.0,0.0
Justin Jackson,UNC,2017,14,SF,118,29.1,0.46,0.531,0.34,0.712,14.0,11.4,0.546,0.523,0.37,0.241,10.0,0.84,0.308
Justin Patton,Creighton,2017,15,C,35,25.3,0.676,0.683,0.533,0.517,12.9,8.95,0.671,0.689,0.051,0.294,2.5,0.0,0.0
D.J. Wilson,Michigan,2017,16,PF,69,19.4,0.525,0.619,0.363,0.817,7.1,9.23,0.614,0.592,0.369,0.194,3.4,0.09,0.4
T.J. Leaf,UCLA,2017,17,PF,35,29.9,0.617,0.644,0.466,0.679,16.3,6.39,0.66,0.652,0.152,0.278,4.2,0.34,0.429
John Collins,Wake Forest,2017,18,PF,64,20.7,0.601,0.602,0.0,0.729,13.4,10.16,0.638,0.601,0.002,0.599,5.7,0.22,0.34
Harry Giles,Duke,2017,19,PF,26,11.5,0.577,0.577,0.0,0.5,3.9,10.91,0.57,0.577,0.0,0.308,0.6,0.0,0.0
Jarrett Allen,Texas,2017,20,C,33,32.2,0.566,0.579,0.0,0.564,13.4,12.75,0.571,0.566,0.022,0.472,1.5,0.07,0.33
OG Anunoby,Indiana,2017,21,SF,50,17.4,0.563,0.652,0.365,0.522,6.8,7.53,0.609,0.62,0.311,0.378,2.0,0.99,0.371
Tyler Lydon,Syracuse,2017,22,PF,71,33.1,0.476,0.531,0.4,0.809,11.6,9.11,0.602,0.56,0.42,0.358,5.6,0.0,0.0
Caleb Swanigan,Purdue,2017,23,PF,69,29.2,0.501,0.537,0.376,0.76,14.4,8.12,0.586,0.543,0.223,0.432,4.4,0.04,0.125
Kyle Kuzma,Utah,2017,24,PF,96,21.0,0.506,0.567,0.302,0.633,10.1,6.84,0.56,0.541,0.23,0.367,4.7,2.06,0.366
Tony Bradley,UNC,2017,25,C,38,14.6,0.573,0.573,0.0,0.619,7.1,11.76,0.59,0.573,0.0,0.59,2.1,0.0,0.0
Derrick White,Colorado,2017,26,PG,34,32.8,0.507,0.569,0.396,0.813,18.1,6.0,0.627,0.578,0.356,0.45,4.5,0.47,0.615
Josh Hart,Villanova,2017,27,SG,146,28.0,0.511,0.592,0.389,0.72,13.2,8.51,0.614,0.589,0.401,0.377,14.4,1.24,0.396
Davon Reed,Miami (FL),2017,28,SF,131,28.1,0.43,0.466,0.395,0.779,10.3,8.24,0.569,0.529,0.503,0.334,7.3,0.52,0.289
Wesley Ivundu,Kansas State,2017,29,SF,132,28.2,0.463,0.488,0.338,0.688,9.5,9.51,0.54,0.491,0.165,0.552,4.8,0.15,0.196
Frank Mason III,Kansas,2017,30,PG,145,30.0,0.454,0.471,0.42,0.761,13.0,11.74,0.574,0.524,0.328,0.472,12.8,0.6,0.36
Ivan Rabb,California,2017,31,PF,65,30.6,0.544,0.549,0.409,0.666,13.2,7.1,0.584,0.551,0.038,0.594,5.2,0.0,0.0
Semi Ojeleye,SMU,2017,32,PF,58,23.1,0.479,0.526,0.415,0.785,12.3,7.6,0.618,0.567,0.421,0.512,5.8,0.55,0.32
Jordan Bell,Oregon,2017,33,PF,105,24.7,0.61,0.622,0.188,0.63,7.8,8.23,0.619,0.612,0.028,0.339,5.3,0.0,0.0
Jawun Evans,Oklahoma State,2017,34,PG,54,29.1,0.448,0.458,0.407,0.818,16.6,10.51,0.547,0.488,0.196,0.4,5.6,0.31,0.278
Dwayne Bacon,Florida State,2017,35,SF,69,28.8,0.449,0.51,0.312,0.733,16.5,8.52,0.533,0.497,0.306,0.314,4.2,0.21,0.256
Tyler Dorsey,Oregon,2017,36,SG,75,30.0,0.455,0.493,0.416,0.732,14.1,8.51,0.591,0.558,0.496,0.392,6.1,1.29,0.362
Damyean Dotson,Houston,2017,37,SG,134,29.1,0.464,0.535,0.38,0.796,12.9,4.85,0.574,0.551,0.46,0.18,10.5,0.5,0.324
Dillon Brooks,Oregon,2017,38,SF,109,28.9,0.472,0.518,0.362,0.794,14.8,8.23,0.565,0.526,0.295,0.309,8.8,1.15,0.356
Sterling Brown,SMU,2017,39,SG,136,25.7,0.504,0.534,0.451,0.77,8.2,4.39,0.616,0.586,0.363,0.322,7.8,0.59,0.352
Sindarius Thornwell,South Carolina,2017,40,SG,132,31.8,0.392,0.42,0.339,0.771,14.7,7.8,0.518,0.451,0.347,0.486,8.2,0.32,0.377
Alec Peters,Valparaiso,2017,41,PF,134,31.7,0.487,0.539,0.416,0.846,17.5,-0.95,0.621,0.576,0.428,0.349,16.1,0.9,0.31
DeAndre Ayton,Arizona,2018,1,C,35,33.5,0.612,0.635,0.343,0.733,20.1,6.84,0.65,0.625,0.078,0.424,5.5,0.0,0.0
Marvin Bagley,Duke,2018,2,PF,33,33.9,0.614,0.647,0.397,0.627,21.0,9.71,0.643,0.64,0.132,0.475,4.8,0.48,0.312
Jaren Jackson,Michigan State,2018,3,PF,35,21.8,0.513,0.596,0.396,0.797,10.9,7.1,0.647,0.595,0.414,0.573,2.3,0.88,0.359
Trae Young,Oklahoma,2018,4,PG,32,35.4,0.422,0.493,0.36,0.861,27.4,10.56,0.585,0.518,0.531,0.443,4.6,1.93,0.324
Mohamed Bamba,Texas,2018,5,C,30,30.2,0.541,0.603,0.275,0.681,12.9,10.67,0.593,0.567,0.189,0.441,2.4,0.45,0.3
Wendell Carter,Duke,2018,6,C,37,26.9,0.561,0.586,0.413,0.738,13.5,9.71,0.628,0.591,0.144,0.527,3.6,0.14,0.188
Collin Sexton,Alabama,2018,7,PG,33,29.9,0.447,0.495,0.336,0.778,19.2,10.64,0.567,0.498,0.299,0.575,3.2,1.45,0.402
Kevin Knox,Kentucky,2018,8,PF,37,32.4,0.445,0.509,0.341,0.774,15.6,10.73,0.556,0.51,0.38,0.373,2.3,1.67,0.343
Mikal Bridges,Villanova,2018,9,SF,116,27.3,0.525,0.645,0.4,0.845,11.3,9.74,0.656,0.623,0.49,0.304,10.5,1.28,0.335
Shai Gilgeous-Alexander,Kentucky,2018,10,PG,37,33.7,0.485,0.5,0.404,0.817,14.4,10.73,0.578,0.516,0.151,0.464,3.3,0.62,0.367
Miles Bridges,Michigan State,2018,11,SF,62,31.6,0.47,0.537,0.375,0.776,17.0,8.8,0.576,0.548,0.413,0.245,5.2,0.81,0.325
Jerome Robinson,Boston College,2018,12,SG,90,34.6,0.45,0.488,0.376,0.755,17.7,7.65,0.551,0.514,0.339,0.327,5.1,0.55,0.316
Troy Brown,Oregon,2018,13,SF,35,31.2,0.444,0.524,0.291,0.743,11.3,4.84,0.532,0.494,0.342,0.326,1.5,0.42,0.319
Zhaire Smith,Texas Tech,2018,14,SG,37,28.4,0.556,0.574,0.45,0.717,11.3,9.6,0.618,0.588,0.144,0.458,3.3,1.0,0.375
Donte DiVincenzo,Villanova,2018,15,SG,85,25.4,0.469,0.573,0.378,0.705,10.2,9.74,0.591,0.57,0.533,0.294,5.5,0.81,0.265
Lonnie Walker,Miami (FL),2018,16,SG,32,27.8,0.415,0.487,0.346,0.738,11.5,6.96,0.527,0.503,0.509,0.204,1.6,0.29,0.385
Kevin Huerter,Maryland,2018,17,SG,65,31.9,0.466,0.572,0.394,0.748,12.0,8.11,0.603,0.584,0.597,0.217,4.6,1.81,0.385
Josh Okogie,Georgia Tech,2018,18,SG,61,33.0,0.437,0.454,0.382,0.777,16.9,7.84,0.55,0.481,0.231,0.539,4.4,0.81,0.279
Grayson Allen,Duke,2018,19,SG,142,27.9,0.43,0.49,0.38,0.834,14.1,10.27,0.591,0.533,0.544,0.419,13.9,0.84,0.323
Chandler Hutchison,Boise State,2018,20,SF,123,24.0,0.476,0.508,0.353,0.687,12.0,2.57,0.551,0.512,0.204,0.468,6.5,0.32,0.28
Aaron Holiday,UCLA,2018,21,PG,101,31.8,0.45,0.469,0.422,0.795,14.3,7.65,0.58,0.535,0.404,0.37,6.7,0.86,0.339
Moritz Wagner,Michigan,2018,22,C,107,21.0,0.547,0.643,0.385,0.698,10.4,9.16,0.633,0.618,0.371,0.301,6.4,0.51,0.286
Landry Shamet,Wichita State,2018,23,SG,71,28.6,0.48,0.542,0.437,0.811,12.9,4.22,0.641,0.609,0.59,0.326,7.5,2.11,0.422
Robert Williams,Texas A&M,2018,24,C,61,25.7,0.591,0.624,0.067,0.541,11.1,9.29,0.59,0.593,0.06,0.343,3.5,0.0,0.0
Jacob Evans,Cincinnati,2018,25,SG,105,29.1,0.429,0.476,0.377,0.755,11.7,4.75,0.551,0.518,0.469,0.286,8.2,0.13,0.267
Omari Spellman,Villanova,2018,26,PF,40,28.1,0.476,0.511,0.433,0.7,10.9,10.24,0.588,0.573,0.446,0.208,2.9,0.96,0.344
Jevon Carter,West Virginia,2018,27,PG,144,29.9,0.407,0.453,0.355,0.798,12.2,9.53,0.534,0.491,0.471,0.298,10.4,0.87,0.333
Jalen Brunson,Villanova,2018,28,PG,116,28.9,0.51,0.587,0.393,0.82,14.4,9.74,0.628,0.588,0.396,0.357,12.4,0.86,0.348
Devonte Graham,Kansas,2018,29,PG,142,31.7,0.422,0.437,0.409,0.787,12.3,11.86,0.578,0.536,0.558,0.355,12.0,0.74,0.281
Khyri Thomas,Creighton,2018,30,SG,102,27.2,0.511,0.578,0.406,0.719,11.2,7.83,0.607,0.589,0.385,0.25,6.5,0.38,0.286
Bruce Brown Jr.,Miami (FL),2018,31,SG,52,32.6,0.442,0.502,0.316,0.702,11.7,8.26,0.532,0.493,0.323,0.398,3.2,0.32,0.258
Hamidou Diallo,Kentucky,2018,32,SG,37,24.8,0.428,0.458,0.338,0.616,10.0,10.73,0.498,0.47,0.246,0.399,1.1,0.08,0.167
De'Anthony Melton,USC,2018,33,SG,36,27.0,0.437,0.51,0.284,0.706,8.3,6.4,0.53,0.483,0.32,0.472,1.7,0.58,0.305
Svi Mykhailiuk,Kansas,2018,34,SF,136,22.6,0.428,0.455,0.409,0.746,8.7,11.86,0.563,0.548,0.587,0.136,5.8,0.69,0.326
Keita Bates-Diop,Ohio State,2018,35,SF,109,24.8,0.472,0.537,0.352,0.776,11.7,7.69,0.567,0.534,0.351,0.274,6.6,0.43,0.25
Chimezie Metu,USC,2018,36,PF,104,27.0,0.533,0.545,0.302,0.692,12.3,6.78,0.573,0.54,0.046,0.438,6.1,0.0,0.0
Shake Milton,SMU,2018,37,SG,87,34.7,0.452,0.478,0.427,0.791,13.4,4.22,0.595,0.562,0.518,0.295,8.4,0.7,0.318
Zion Williamson,Duke,2019,1,PF,33,30.0,0.68,0.747,0.338,0.64,22.6,11.97,0.702,0.708,0.163,0.467,5.5,0.25,0.429
Ja Morant,Murray St.,2019,2,PG,65,35.3,0.485,0.545,0.343,0.81,18.7,-3.32,0.597,0.536,0.298,0.501,9.4,0.9,0.335
R.J. Barrett,Duke,2019,3,SG,38,35.3,0.454,0.529,0.308,0.665,22.6,11.97,0.532,0.506,0.338,0.319,3.8,1.12,0.32
DeAndre Hunter,Virginia,2019,4,SF,71,26.6,0.509,0.541,0.419,0.773,12.4,9.61,0.606,0.564,0.264,0.42,6.8,1.71,0.355
Darius Garland,Vanderbilt,2019,5,PG,5,27.8,0.537,0.581,0.478,0.75,16.2,7.79,0.657,0.639,0.426,0.296,0.4,1.78,0.355
Jarrett Culver,Texas Tech,2019,6,SG,75,29.5,0.459,0.522,0.341,0.687,14.9,9.56,0.548,0.518,0.351,0.363,5.3,1.05,0.299
Coby White,North Carolina,2019,7,PG,35,28.5,0.423,0.5,0.353,0.8,16.1,11.35,0.556,0.516,0.523,0.293,2.4,2.05,0.354
Jaxson Hayes,Texas,2019,8,C,32,23.3,0.728,0.728,0.0,0.74,10.0,11.46,0.739,0.728,0.0,0.592,2.8,0.02,0.25
Rui Hachimura,Gonzaga,2019,9,PF,102,19.7,0.579,0.607,0.316,0.746,12.1,3.91,0.629,0.594,0.095,0.474,7.8,0.52,0.287
Cameron Reddish,Duke,2019,10,SF,36,29.7,0.356,0.394,0.333,0.772,13.5,11.97,0.499,0.459,0.618,0.264,0.8,1.43,0.332
Cameron Johnson,UNC,2019,11,SF,135,25.4,0.457,0.523,0.405,0.817,11.2,10.06,0.601,0.571,0.565,0.242,9.9,1.86,0.39
P.J. Washington,Kentucky,2019,12,PF,72,28.3,0.521,0.547,0.384,0.632,12.9,10.51,0.577,0.551,0.159,0.619,5.3,1.48,0.374
Tyler Herro,Kentucky,2019,13,SG,37,32.6,0.462,0.538,0.355,0.935,14.0,10.29,0.58,0.536,0.419,0.231,3.3,2.11,0.389
Romeo Langford,Indiana,2019,14,SG,32,34.1,0.448,0.53,0.272,0.722,16.5,10.1,0.542,0.491,0.316,0.491,2.4,0.16,0.185
Nickeil Alexander-Walker,Virginia Tech,2019,15,SG,67,29.9,0.464,0.529,0.383,0.763,13.5,7.25,0.582,0.549,0.448,0.306,4.3,0.98,0.346
Matisse Thybulle,Washington,2019,16,SG,135,29.4,0.429,0.507,0.358,0.782,9.2,7.0,0.55,0.522,0.52,0.21,4.4,0.86,0.357
Brandon Clarke,Gonzaga,2019,17,PF,98,27.8,0.639,0.649,0.25,0.618,14.5,2.7,0.643,0.642,0.026,0.429,10.4,0.4,0.359
Grant Williams,Tennessee,2019,18,PF,104,28.9,0.516,0.54,0.291,0.758,15.7,10.15,0.591,0.53,0.097,0.621,10.2,0.35,0.25
Ty Jerome,Virginia,2019,19,PG,105,26.4,0.435,0.479,0.392,0.788,9.6,10.05,0.558,0.534,0.508,0.181,7.0,0.45,0.28
Nassir Little,North Carolina,2019,20,SF,36,18.2,0.478,0.527,0.269,0.77,9.8,11.35,0.549,0.504,0.19,0.365,1.4,0.29,0.237
Dylan Windler,Belmont,2019,21,SG,128,29.4,0.541,0.669,0.406,0.761,13.2,-2.32,0.663,0.64,0.487,0.34,11.8,1.67,0.345
Mfiondu Kabengele,Florida St.,2019,22,PF,71,18.3,0.498,0.526,0.374,0.724,10.3,9.38,0.58,0.532,0.182,0.558,4.2,0.75,0.45
Jordan Poole,Michigan,2019,23,SG,75,22.7,0.434,0.519,0.37,0.831,9.4,9.98,0.576,0.54,0.572,0.261,3.1,1.3,0.279
Keldon Johnson,Kentucky,2019,24,SG,37,30.7,0.461,0.498,0.381,0.703,13.5,10.29,0.558,0.521,0.316,0.416,2.9,0.76,0.591
Kevin Porter,USC,2019,25,SG,21,22.1,0.471,0.517,0.412,0.522,9.5,4.96,0.559,0.561,0.433,0.293,0.5,1.06,0.335
Carsen Edwards,Purdue,2019,26,PG,108,29.4,0.412,0.455,0.368,0.817,17.8,9.84,0.547,0.504,0.496,0.295,8.4,0.65,0.316
Bruno Fernando,Maryland,2019,27,C,64,26.4,0.595,0.603,0.308,0.763,12.0,9.02,0.638,0.599,0.027,0.493,4.5,0.09,0.135
Cody Martin,Nevada,2019,28,SF,122,28.9,0.501,0.539,0.325,0.689,9.7,6.59,0.558,0.529,0.178,0.365,7.7,0.38,0.234
Daniel Gafford,Arkansas,2019,29,C,67,25.5,0.635,0.635,0.0,0.562,14.3,9.31,0.626,0.635,0.0,0.595,5.2,0.0,0.0
Justin James,Wyoming,2019,30,SG,131,28.1,0.442,0.487,0.337,0.731,15.7,1.62,0.542,0.493,0.3,0.454,5.8,0.25,0.31
Eric Paschall,Villanova,2019,31,SF,137,29.6,0.468,0.562,0.331,0.765,12.3,7.55,0.574,0.535,0.407,0.352,8.7,0.62,0.287
Admiral Schofield,Tennessee,2019,32,SF,132,24.9,0.458,0.501,0.387,0.763,11.9,9.58,0.556,0.53,0.373,0.222,6.9,0.58,0.311
Terance Mann,Florida St.,2019,33,SG,140,25.9,0.552,0.601,0.327,0.607,9.4,8.95,0.602,0.581,0.18,0.421,9.1,0.17,0.35
